#
# There is insufficient memory for the Java Runtime Environment to continue.
# Native memory allocation (mmap) failed to map 309329920 bytes. Error detail: G1 virtual space
# Possible reasons:
#   The system is out of physical RAM or swap space
#   This process is running with CompressedOops enabled, and the Java Heap may be blocking the growth of the native heap
# Possible solutions:
#   Reduce memory load on the system
#   Increase physical memory or swap space
#   Check if swap backing store is full
#   Decrease Java heap size (-Xmx/-Xms)
#   Decrease number of Java threads
#   Decrease Java thread stack sizes (-Xss)
#   Set larger code cache with -XX:ReservedCodeCacheSize=
#   JVM is running with Unscaled Compressed Oops mode in which the Java heap is
#     placed in the first 4GB address space. The Java Heap base address is the
#     maximum limit for the native heap growth. Please use -XX:HeapBaseMinAddress
#     to set the Java Heap base and to place the Java Heap above 4GB virtual address.
# This output file may be truncated or incomplete.
#
#  Out of Memory Error (os_windows.cpp:3618), pid=12184, tid=18104
#
# JRE version: OpenJDK Runtime Environment Temurin-17.0.19+10 (17.0.19+10) (build 17.0.19+10)
# Java VM: OpenJDK 64-Bit Server VM Temurin-17.0.19+10 (17.0.19+10, mixed mode, sharing, tiered, compressed oops, compressed class ptrs, g1 gc, windows-amd64)
# No core dump will be written. Minidumps are not enabled by default on client versions of Windows
#

---------------  S U M M A R Y ------------

Command Line: --add-opens=java.base/java.lang=ALL-UNNAMED --add-opens=java.base/java.lang.invoke=ALL-UNNAMED --add-opens=java.base/java.util=ALL-UNNAMED --add-opens=java.prefs/java.util.prefs=ALL-UNNAMED --add-exports=jdk.compiler/com.sun.tools.javac.api=ALL-UNNAMED --add-exports=jdk.compiler/com.sun.tools.javac.util=ALL-UNNAMED --add-opens=java.base/java.util=ALL-UNNAMED --add-opens=java.prefs/java.util.prefs=ALL-UNNAMED --add-opens=java.base/java.nio.charset=ALL-UNNAMED --add-opens=java.base/java.net=ALL-UNNAMED --add-opens=java.base/java.util.concurrent=ALL-UNNAMED --add-opens=java.base/java.util.concurrent.atomic=ALL-UNNAMED --add-opens=java.xml/javax.xml.namespace=ALL-UNNAMED --add-opens=java.base/java.time=ALL-UNNAMED -XX:MaxMetaspaceSize=512m -Xmx2g -Dfile.encoding=windows-1252 -Duser.country=US -Duser.language=en -Duser.variant -javaagent:C:\Users\H\.gradle\wrapper\dists\gradle-9.1.0-all\7wzd0jkjit61aq2p43wpjgij9\gradle-9.1.0\lib\agents\gradle-instrumentation-agent-9.1.0.jar org.gradle.launcher.daemon.bootstrap.GradleDaemon 9.1.0

Host: Intel(R) Core(TM) i3-1005G1 CPU @ 1.20GHz, 4 cores, 11G,  Windows 11 , 64 bit Build 26100 (10.0.26100.9168)
Time: Tue Aug 18 11:57:16 2026 Georgian Standard Time elapsed time: 170.684997 seconds (0d 0h 2m 50s)

---------------  T H R E A D  ---------------

Current thread (0x000002256c00d0c0):  VMThread "VM Thread" [stack: 0x000000dcaa700000,0x000000dcaa800000] [id=18104]

Stack: [0x000000dcaa700000,0x000000dcaa800000]
Native frames: (J=compiled Java code, j=interpreted, Vv=VM code, C=native code)
V  [jvm.dll+0x684b29]
V  [jvm.dll+0x83a2d5]
V  [jvm.dll+0x83bd4e]
V  [jvm.dll+0x83c3d3]
V  [jvm.dll+0x24905f]
V  [jvm.dll+0x6818e9]
V  [jvm.dll+0x6766ea]
V  [jvm.dll+0x3093b7]
V  [jvm.dll+0x3109a6]
V  [jvm.dll+0x360f1e]
V  [jvm.dll+0x36115d]
V  [jvm.dll+0x2e043c]
V  [jvm.dll+0x2e34c6]
V  [jvm.dll+0x2edc04]
V  [jvm.dll+0x320edd]
V  [jvm.dll+0x840bed]
V  [jvm.dll+0x841923]
V  [jvm.dll+0x841e4f]
V  [jvm.dll+0x842235]
V  [jvm.dll+0x8422fe]
V  [jvm.dll+0x7eaf1c]
V  [jvm.dll+0x6839f7]
C  [ucrtbase.dll+0x2cd30]
C  [KERNEL32.DLL+0x2ccb7]
C  [ntdll.dll+0xaad6c]

VM_Operation (0x000000dcaa3ff400): G1PauseRemark, mode: safepoint, requested by thread 0x000002254e41ea00


---------------  P R O C E S S  ---------------

Threads class SMR info:
_java_thread_list=0x000002257d9449b0, length=95, elements={
0x000002254e3ae0a0, 0x000002256c012930, 0x000002256c015f80, 0x000002256c02f660,
0x000002256c02ff30, 0x000002256c030800, 0x000002256c0310d0, 0x000002256c031cd0,
0x000002256c039f30, 0x000002256c05e300, 0x000002256c2508c0, 0x000002256c36a100,
0x000002256c4a5cb0, 0x0000022571c59040, 0x000002256cd69ea0, 0x0000022571c98a40,
0x0000022571d18570, 0x0000022571d18a80, 0x0000022571d1b810, 0x0000022571d1a3d0,
0x0000022571d1a8e0, 0x0000022571d1adf0, 0x0000022571d18060, 0x0000022571d1b300,
0x0000022571d199b0, 0x0000022571d19ec0, 0x0000022571d18f90, 0x0000022571d194a0,
0x000002256c6c2df0, 0x000002256c6c1ec0, 0x000002256c6c14a0, 0x000002256c6c19b0,
0x000002256c6c23d0, 0x000002256c6c3300, 0x000002256c6c0a80, 0x000002256c6c0570,
0x000002256c6c3810, 0x000002256c6c28e0, 0x000002256c6c0060, 0x000002256c6c5160,
0x000002256c6c4c50, 0x000002256c6c5670, 0x000002256c6c5b80, 0x000002256c6c6ab0,
0x000002256c6c65a0, 0x000002256c6c6fc0, 0x000002257415fb30, 0x0000022574160040,
0x0000022574160a60, 0x0000022574160550, 0x0000022574160f70, 0x0000022574161480,
0x000002257415dcd0, 0x000002257415e1e0, 0x0000022574161ea0, 0x000002257415e6f0,
0x0000022574165140, 0x0000022574163d00, 0x00000225741623b0, 0x0000022574164210,
0x00000225741628c0, 0x0000022574164720, 0x0000022574165650, 0x0000022574162dd0,
0x00000225741637f0, 0x00000225741632e0, 0x000002256c535480, 0x000002256c5326f0,
0x000002256c535990, 0x000002256c534040, 0x000002256c532c00, 0x000002256c533b30,
0x0000022574d83810, 0x0000022574d83300, 0x0000022574d823d0, 0x0000022574d80570,
0x0000022574d81ec0, 0x0000022574d82df0, 0x0000022574d828e0, 0x0000022574d80060,
0x0000022574d814a0, 0x0000022574d80a80, 0x0000022574d80f90, 0x0000022574ce83f0,
0x0000022574ce79d0, 0x0000022574ce8900, 0x0000022574ce6590, 0x0000022574cec0b0,
0x0000022574ceac70, 0x000002256c533110, 0x000002256c538720, 0x000002256c538c30,
0x000002257df650c0, 0x000002257df646a0, 0x000002257ccc0920
}

Java Threads: ( => current thread )
  0x000002254e3ae0a0 JavaThread "main" [_thread_blocked, id=5516, stack(0x000000dcaa100000,0x000000dcaa200000)]
  0x000002256c012930 JavaThread "Reference Handler" daemon [_thread_blocked, id=3184, stack(0x000000dcaa800000,0x000000dcaa900000)]
  0x000002256c015f80 JavaThread "Finalizer" daemon [_thread_blocked, id=22504, stack(0x000000dcaa900000,0x000000dcaaa00000)]
  0x000002256c02f660 JavaThread "Signal Dispatcher" daemon [_thread_blocked, id=19784, stack(0x000000dcaaa00000,0x000000dcaab00000)]
  0x000002256c02ff30 JavaThread "Attach Listener" daemon [_thread_blocked, id=7196, stack(0x000000dcaab00000,0x000000dcaac00000)]
  0x000002256c030800 JavaThread "Service Thread" daemon [_thread_blocked, id=13680, stack(0x000000dcaac00000,0x000000dcaad00000)]
  0x000002256c0310d0 JavaThread "Monitor Deflation Thread" daemon [_thread_blocked, id=5152, stack(0x000000dcaad00000,0x000000dcaae00000)]
  0x000002256c031cd0 JavaThread "C2 CompilerThread0" daemon [_thread_blocked, id=10112, stack(0x000000dcaae00000,0x000000dcaaf00000)]
  0x000002256c039f30 JavaThread "C1 CompilerThread0" daemon [_thread_blocked, id=2988, stack(0x000000dcaaf00000,0x000000dcab000000)]
  0x000002256c05e300 JavaThread "Sweeper thread" daemon [_thread_blocked, id=16456, stack(0x000000dcab000000,0x000000dcab100000)]
  0x000002256c2508c0 JavaThread "Common-Cleaner" daemon [_thread_blocked, id=5288, stack(0x000000dcab100000,0x000000dcab200000)]
  0x000002256c36a100 JavaThread "Notification Thread" daemon [_thread_blocked, id=15952, stack(0x000000dcab200000,0x000000dcab300000)]
  0x000002256c4a5cb0 JavaThread "Daemon health stats" [_thread_blocked, id=19356, stack(0x000000dcab700000,0x000000dcab800000)]
  0x0000022571c59040 JavaThread "Incoming local TCP Connector on port 40614" [_thread_in_native, id=12848, stack(0x000000dcab800000,0x000000dcab900000)]
  0x000002256cd69ea0 JavaThread "Daemon periodic checks" [_thread_blocked, id=3236, stack(0x000000dcab900000,0x000000dcaba00000)]
  0x0000022571c98a40 JavaThread "Daemon" [_thread_blocked, id=1972, stack(0x000000dcaba00000,0x000000dcabb00000)]
  0x0000022571d18570 JavaThread "Handler for socket connection from /127.0.0.1:40614 to /127.0.0.1:40615" [_thread_in_native, id=16744, stack(0x000000dcabb00000,0x000000dcabc00000)]
  0x0000022571d18a80 JavaThread "Cancel handler" [_thread_blocked, id=16608, stack(0x000000dcabc00000,0x000000dcabd00000)]
  0x0000022571d1b810 JavaThread "Daemon worker" [_thread_blocked, id=13244, stack(0x000000dcabd00000,0x000000dcabe00000)]
  0x0000022571d1a3d0 JavaThread "Asynchronous log dispatcher for DefaultDaemonConnection: socket connection from /127.0.0.1:40614 to /127.0.0.1:40615" [_thread_blocked, id=13344, stack(0x000000dcabe00000,0x000000dcabf00000)]
  0x0000022571d1a8e0 JavaThread "Stdin handler" [_thread_blocked, id=1944, stack(0x000000dcabf00000,0x000000dcac000000)]
  0x0000022571d1adf0 JavaThread "Daemon client event forwarder" [_thread_blocked, id=4904, stack(0x000000dcac000000,0x000000dcac100000)]
  0x0000022571d18060 JavaThread "Cache worker for journal cache (C:\Users\H\.gradle\caches\journal-1)" [_thread_blocked, id=18100, stack(0x000000dcac100000,0x000000dcac200000)]
  0x0000022571d1b300 JavaThread "File lock request listener" [_thread_blocked, id=22404, stack(0x000000dcac200000,0x000000dcac300000)]
  0x0000022571d199b0 JavaThread "Cache worker for file hash cache (C:\Users\H\.gradle\caches\9.1.0\fileHashes)" [_thread_blocked, id=14776, stack(0x000000dcac300000,0x000000dcac400000)]
  0x0000022571d19ec0 JavaThread "Cache worker for file hash cache (C:\Users\H\Pictures\app\couple_app\android\.gradle\9.1.0\fileHashes)" [_thread_blocked, id=6484, stack(0x000000dcac400000,0x000000dcac500000)]
  0x0000022571d18f90 JavaThread "Cache worker for Build Output Cleanup Cache (C:\Users\H\Pictures\app\couple_app\android\.gradle\buildOutputCleanup)" [_thread_blocked, id=8868, stack(0x000000dcac500000,0x000000dcac600000)]
  0x0000022571d194a0 JavaThread "File lock release action executor" [_thread_blocked, id=21812, stack(0x000000dcac600000,0x000000dcac700000)]
  0x000002256c6c2df0 JavaThread "File watcher server" daemon [_thread_blocked, id=14548, stack(0x000000dcac700000,0x000000dcac800000)]
  0x000002256c6c1ec0 JavaThread "File watcher consumer" daemon [_thread_blocked, id=14304, stack(0x000000dcac800000,0x000000dcac900000)]
  0x000002256c6c14a0 JavaThread "Cache worker for checksums cache (C:\Users\H\Pictures\app\couple_app\android\.gradle\9.1.0\checksums)" [_thread_blocked, id=15788, stack(0x000000dcac900000,0x000000dcaca00000)]
  0x000002256c6c19b0 JavaThread "Cache worker for file content cache (C:\Users\H\.gradle\caches\9.1.0\fileContent)" [_thread_blocked, id=8260, stack(0x000000dcaca00000,0x000000dcacb00000)]
  0x000002256c6c23d0 JavaThread "Cache worker for cache directory md-supplier (C:\Users\H\.gradle\caches\9.1.0\md-supplier)" [_thread_blocked, id=18440, stack(0x000000dcacc00000,0x000000dcacd00000)]
  0x000002256c6c3300 JavaThread "Cache worker for cache directory md-rule (C:\Users\H\.gradle\caches\9.1.0\md-rule)" [_thread_blocked, id=784, stack(0x000000dcacd00000,0x000000dcace00000)]
  0x000002256c6c0a80 JavaThread "Cache worker for Build Output Cleanup Cache (C:\Users\H\develop\flutter\packages\flutter_tools\gradle\.gradle\buildOutputCleanup)" [_thread_blocked, id=744, stack(0x000000dcace00000,0x000000dcacf00000)]
  0x000002256c6c0570 JavaThread "Unconstrained build operations" [_thread_blocked, id=10324, stack(0x000000dcacf00000,0x000000dcad000000)]
  0x000002256c6c3810 JavaThread "Unconstrained build operations Thread 2" [_thread_blocked, id=12600, stack(0x000000dcad000000,0x000000dcad100000)]
  0x000002256c6c28e0 JavaThread "Unconstrained build operations Thread 3" [_thread_blocked, id=15684, stack(0x000000dcad100000,0x000000dcad200000)]
  0x000002256c6c0060 JavaThread "Unconstrained build operations Thread 4" [_thread_blocked, id=17380, stack(0x000000dcad200000,0x000000dcad300000)]
  0x000002256c6c5160 JavaThread "Unconstrained build operations Thread 5" [_thread_blocked, id=20200, stack(0x000000dcad300000,0x000000dcad400000)]
  0x000002256c6c4c50 JavaThread "Unconstrained build operations Thread 6" [_thread_blocked, id=13136, stack(0x000000dcad400000,0x000000dcad500000)]
  0x000002256c6c5670 JavaThread "Unconstrained build operations Thread 7" [_thread_blocked, id=20716, stack(0x000000dcad500000,0x000000dcad600000)]
  0x000002256c6c5b80 JavaThread "Unconstrained build operations Thread 8" [_thread_blocked, id=7716, stack(0x000000dcad600000,0x000000dcad700000)]
  0x000002256c6c6ab0 JavaThread "Unconstrained build operations Thread 9" [_thread_blocked, id=13396, stack(0x000000dcad700000,0x000000dcad800000)]
  0x000002256c6c65a0 JavaThread "Memory manager" [_thread_blocked, id=16176, stack(0x000000dcad800000,0x000000dcad900000)]
  0x000002256c6c6fc0 JavaThread "build event listener" [_thread_blocked, id=22192, stack(0x000000dca9e00000,0x000000dca9f00000)]
  0x000002257415fb30 JavaThread "Execution worker" [_thread_blocked, id=13028, stack(0x000000dcada00000,0x000000dcadb00000)]
  0x0000022574160040 JavaThread "Execution worker Thread 2" [_thread_blocked, id=5264, stack(0x000000dcadb00000,0x000000dcadc00000)]
  0x0000022574160a60 JavaThread "Execution worker Thread 3" [_thread_blocked, id=11012, stack(0x000000dcadc00000,0x000000dcadd00000)]
  0x0000022574160550 JavaThread "Cache worker for execution history cache (C:\Users\H\develop\flutter\packages\flutter_tools\gradle\.gradle\9.1.0\executionHistory)" [_thread_blocked, id=1576, stack(0x000000dcadd00000,0x000000dcade00000)]
  0x0000022574160f70 JavaThread "Unconstrained build operations Thread 10" [_thread_blocked, id=11192, stack(0x000000dcade00000,0x000000dcadf00000)]
  0x0000022574161480 JavaThread "Unconstrained build operations Thread 11" [_thread_blocked, id=16592, stack(0x000000dcadf00000,0x000000dcae000000)]
  0x000002257415dcd0 JavaThread "Unconstrained build operations Thread 12" [_thread_blocked, id=15040, stack(0x000000dcae000000,0x000000dcae100000)]
  0x000002257415e1e0 JavaThread "Unconstrained build operations Thread 13" [_thread_blocked, id=12364, stack(0x000000dcae100000,0x000000dcae200000)]
  0x0000022574161ea0 JavaThread "Unconstrained build operations Thread 14" [_thread_blocked, id=7020, stack(0x000000dcae200000,0x000000dcae300000)]
  0x000002257415e6f0 JavaThread "Unconstrained build operations Thread 15" [_thread_blocked, id=20984, stack(0x000000dcae300000,0x000000dcae400000)]
  0x0000022574165140 JavaThread "Unconstrained build operations Thread 16" [_thread_blocked, id=19380, stack(0x000000dcae400000,0x000000dcae500000)]
  0x0000022574163d00 JavaThread "Unconstrained build operations Thread 17" [_thread_blocked, id=11772, stack(0x000000dcae500000,0x000000dcae600000)]
  0x00000225741623b0 JavaThread "Unconstrained build operations Thread 18" [_thread_blocked, id=2176, stack(0x000000dcae600000,0x000000dcae700000)]
  0x0000022574164210 JavaThread "Unconstrained build operations Thread 19" [_thread_blocked, id=22356, stack(0x000000dcae700000,0x000000dcae800000)]
  0x00000225741628c0 JavaThread "Unconstrained build operations Thread 20" [_thread_blocked, id=3412, stack(0x000000dcae800000,0x000000dcae900000)]
  0x0000022574164720 JavaThread "Unconstrained build operations Thread 21" [_thread_blocked, id=19736, stack(0x000000dcae900000,0x000000dcaea00000)]
  0x0000022574165650 JavaThread "Unconstrained build operations Thread 22" [_thread_blocked, id=15904, stack(0x000000dcaea00000,0x000000dcaeb00000)]
  0x0000022574162dd0 JavaThread "Unconstrained build operations Thread 23" [_thread_blocked, id=21588, stack(0x000000dcaeb00000,0x000000dcaec00000)]
  0x00000225741637f0 JavaThread "Unconstrained build operations Thread 24" [_thread_blocked, id=7924, stack(0x000000dcaec00000,0x000000dcaed00000)]
  0x00000225741632e0 JavaThread "Unconstrained build operations Thread 25" [_thread_blocked, id=18788, stack(0x000000dcaed00000,0x000000dcaee00000)]
  0x000002256c535480 JavaThread "Unconstrained build operations Thread 26" [_thread_blocked, id=6244, stack(0x000000dcaee00000,0x000000dcaef00000)]
  0x000002256c5326f0 JavaThread "Unconstrained build operations Thread 27" [_thread_blocked, id=13524, stack(0x000000dcaef00000,0x000000dcaf000000)]
  0x000002256c535990 JavaThread "Unconstrained build operations Thread 28" [_thread_blocked, id=18496, stack(0x000000dcaf000000,0x000000dcaf100000)]
  0x000002256c534040 JavaThread "Unconstrained build operations Thread 29" [_thread_blocked, id=11604, stack(0x000000dcaf100000,0x000000dcaf200000)]
  0x000002256c532c00 JavaThread "Problems report writer" [_thread_blocked, id=20992, stack(0x000000dcaf400000,0x000000dcaf500000)]
  0x000002256c533b30 JavaThread "build event listener" [_thread_blocked, id=4976, stack(0x000000dcaf500000,0x000000dcaf600000)]
  0x0000022574d83810 JavaThread "jar transforms" [_thread_blocked, id=8060, stack(0x000000dca9f00000,0x000000dcaa000000)]
  0x0000022574d83300 JavaThread "Unconstrained build operations Thread 30" [_thread_blocked, id=12712, stack(0x000000dcaa000000,0x000000dcaa100000)]
  0x0000022574d823d0 JavaThread "Unconstrained build operations Thread 31" [_thread_blocked, id=6444, stack(0x000000dcaf600000,0x000000dcaf700000)]
  0x0000022574d80570 JavaThread "Unconstrained build operations Thread 32" [_thread_blocked, id=4528, stack(0x000000dcaf700000,0x000000dcaf800000)]
  0x0000022574d81ec0 JavaThread "Unconstrained build operations Thread 33" [_thread_blocked, id=10132, stack(0x000000dcaf800000,0x000000dcaf900000)]
  0x0000022574d82df0 JavaThread "Unconstrained build operations Thread 34" [_thread_blocked, id=5144, stack(0x000000dcaf900000,0x000000dcafa00000)]
  0x0000022574d828e0 JavaThread "Unconstrained build operations Thread 35" [_thread_blocked, id=18728, stack(0x000000dcafa00000,0x000000dcafb00000)]
  0x0000022574d80060 JavaThread "Unconstrained build operations Thread 36" [_thread_blocked, id=1188, stack(0x000000dcafb00000,0x000000dcafc00000)]
  0x0000022574d814a0 JavaThread "Unconstrained build operations Thread 37" [_thread_blocked, id=6052, stack(0x000000dcafc00000,0x000000dcafd00000)]
  0x0000022574d80a80 JavaThread "Unconstrained build operations Thread 38" [_thread_blocked, id=11576, stack(0x000000dcafd00000,0x000000dcafe00000)]
  0x0000022574d80f90 JavaThread "jar transforms Thread 2" [_thread_blocked, id=21412, stack(0x000000dcafe00000,0x000000dcaff00000)]
  0x0000022574ce83f0 JavaThread "jar transforms Thread 3" [_thread_blocked, id=12500, stack(0x000000dcaff00000,0x000000dcb0000000)]
  0x0000022574ce79d0 JavaThread "Unconstrained build operations Thread 39" [_thread_blocked, id=16620, stack(0x000000dcb0000000,0x000000dcb0100000)]
  0x0000022574ce8900 JavaThread "Unconstrained build operations Thread 40" [_thread_blocked, id=21180, stack(0x000000dcb0100000,0x000000dcb0200000)]
  0x0000022574ce6590 JavaThread "jar transforms Thread 4" [_thread_blocked, id=17572, stack(0x000000dcb0200000,0x000000dcb0300000)]
  0x0000022574cec0b0 JavaThread "included builds Thread 2" [_thread_blocked, id=19512, stack(0x000000dcad900000,0x000000dcada00000)]
  0x0000022574ceac70 JavaThread "Cache worker for execution history cache (C:\Users\H\Pictures\app\couple_app\android\.gradle\9.1.0\executionHistory)" [_thread_blocked, id=9824, stack(0x000000dcb0300000,0x000000dcb0400000)]
  0x000002256c533110 JavaThread "Exec process" [_thread_blocked, id=16088, stack(0x000000dcb0400000,0x000000dcb0500000)]
  0x000002256c538720 JavaThread "Exec process Thread 2" [_thread_blocked, id=13796, stack(0x000000dcb0500000,0x000000dcb0600000)]
  0x000002256c538c30 JavaThread "Exec process Thread 3" [_thread_blocked, id=15592, stack(0x000000dcb0600000,0x000000dcb0700000)]
  0x000002257df650c0 JavaThread "WorkerExecutor Queue" [_thread_blocked, id=15000, stack(0x000000dcb0700000,0x000000dcb0800000)]
  0x000002257df646a0 JavaThread "WorkerExecutor Queue Thread 2" [_thread_blocked, id=21116, stack(0x000000dcb0800000,0x000000dcb0900000)]
  0x000002257ccc0920 JavaThread "WorkerExecutor Queue Thread 3" [_thread_blocked, id=18924, stack(0x000000dcb0900000,0x000000dcb0a00000)]

Other Threads:
=>0x000002256c00d0c0 VMThread "VM Thread" [stack: 0x000000dcaa700000,0x000000dcaa800000] [id=18104]
  0x000002254e3aee30 WatcherThread [stack: 0x000000dcab300000,0x000000dcab400000] [id=18636]
  0x000002254e40dba0 GCTaskThread "GC Thread#0" [stack: 0x000000dcaa200000,0x000000dcaa300000] [id=15460]
  0x000002256c4271d0 GCTaskThread "GC Thread#1" [stack: 0x000000dcab400000,0x000000dcab500000] [id=21264]
  0x000002256c427490 GCTaskThread "GC Thread#2" [stack: 0x000000dcab500000,0x000000dcab600000] [id=16428]
  0x000002256c427750 GCTaskThread "GC Thread#3" [stack: 0x000000dcab600000,0x000000dcab700000] [id=15800]
  0x000002254e41ea00 ConcurrentGCThread "G1 Main Marker" [stack: 0x000000dcaa300000,0x000000dcaa400000] [id=22156]
  0x000002254e41f330 ConcurrentGCThread "G1 Conc#0" [stack: 0x000000dcaa400000,0x000000dcaa500000] [id=19128]
  0x000002254e45e890 ConcurrentGCThread "G1 Refine#0" [stack: 0x000000dcaa500000,0x000000dcaa600000] [id=13552]
  0x0000022572c38150 ConcurrentGCThread "G1 Refine#1" [stack: 0x000000dcacb00000,0x000000dcacc00000] [id=18680]
  0x000002256bebf3b0 ConcurrentGCThread "G1 Service" [stack: 0x000000dcaa600000,0x000000dcaa700000] [id=17912]

Threads with active compile tasks:
C2 CompilerThread0  170745 23688  s    4       jdk.internal.loader.Resource::cachedInputStream (20 bytes)

VM state: at safepoint (normal execution)

VM Mutex/Monitor currently owned by a thread:  ([mutex/lock_event])
[0x000002254e3ab0d0] Threads_lock - owner thread: 0x000002256c00d0c0
[0x000002254e3ab3a0] Heap_lock - owner thread: 0x000002254e41ea00

Heap address: 0x0000000080000000, size: 2048 MB, Compressed Oops mode: 32-bit

CDS archive(s) mapped at: [0x0000022500000000-0x0000022500bb0000-0x0000022500bb0000), size 12255232, SharedBaseAddress: 0x0000022500000000, ArchiveRelocationMode: 1.
Compressed class space mapped at: 0x0000022501000000-0x000002251b000000, reserved size: 436207616
Narrow klass base: 0x0000022500000000, Narrow klass shift: 0, Narrow klass range: 0x100000000

GC Precious Log:
 CPUs: 4 total, 4 available
 Memory: 12069M
 Large Page Support: Disabled
 NUMA Support: Disabled
 Compressed Oops: Enabled (32-bit)
 Heap Region Size: 1M
 Heap Min Capacity: 8M
 Heap Initial Capacity: 190M
 Heap Max Capacity: 2G
 Pre-touch: Disabled
 Parallel Workers: 4
 Concurrent Workers: 1
 Concurrent Refinement Workers: 4
 Periodic GC: Disabled

Heap:
 garbage-first heap   total 481280K, used 467473K [0x0000000080000000, 0x0000000100000000)
  region size 1024K, 16 young (16384K), 3 survivors (3072K)
 Metaspace       used 125619K, committed 127872K, reserved 557056K
  class space    used 17297K, committed 18368K, reserved 425984K

Heap Regions: E=young(eden), S=young(survivor), O=old, HS=humongous(starts), HC=humongous(continues), CS=collection set, F=free, OA=open archive, CA=closed archive, TAMS=top-at-mark-start (previous, next)
|   0|0x0000000080000000, 0x0000000080100000, 0x0000000080100000|100%|HS|  |TAMS 0x0000000080100000, 0x0000000080000000| Complete 
|   1|0x0000000080100000, 0x0000000080200000, 0x0000000080200000|100%|HC|  |TAMS 0x0000000080200000, 0x0000000080100000| Complete 
|   2|0x0000000080200000, 0x0000000080300000, 0x0000000080300000|100%|HC|  |TAMS 0x0000000080300000, 0x0000000080200000| Complete 
|   3|0x0000000080300000, 0x0000000080400000, 0x0000000080400000|100%| O|  |TAMS 0x0000000080400000, 0x0000000080300000| Untracked 
|   4|0x0000000080400000, 0x0000000080500000, 0x0000000080500000|100%| O|  |TAMS 0x0000000080500000, 0x0000000080400000| Untracked 
|   5|0x0000000080500000, 0x0000000080600000, 0x0000000080600000|100%| O|  |TAMS 0x0000000080600000, 0x0000000080500000| Untracked 
|   6|0x0000000080600000, 0x0000000080700000, 0x0000000080700000|100%| O|  |TAMS 0x0000000080700000, 0x0000000080600000| Untracked 
|   7|0x0000000080700000, 0x0000000080800000, 0x0000000080800000|100%|HS|  |TAMS 0x0000000080800000, 0x0000000080700000| Complete 
|   8|0x0000000080800000, 0x0000000080900000, 0x0000000080900000|100%| O|  |TAMS 0x0000000080900000, 0x0000000080800000| Untracked 
|   9|0x0000000080900000, 0x0000000080a00000, 0x0000000080a00000|100%| O|  |TAMS 0x0000000080a00000, 0x0000000080900000| Untracked 
|  10|0x0000000080a00000, 0x0000000080b00000, 0x0000000080b00000|100%| O|  |TAMS 0x0000000080b00000, 0x0000000080a00000| Untracked 
|  11|0x0000000080b00000, 0x0000000080c00000, 0x0000000080c00000|100%| O|  |TAMS 0x0000000080c00000, 0x0000000080b00000| Untracked 
|  12|0x0000000080c00000, 0x0000000080d00000, 0x0000000080d00000|100%| O|  |TAMS 0x0000000080d00000, 0x0000000080c00000| Untracked 
|  13|0x0000000080d00000, 0x0000000080e00000, 0x0000000080e00000|100%| O|  |TAMS 0x0000000080e00000, 0x0000000080d00000| Untracked 
|  14|0x0000000080e00000, 0x0000000080f00000, 0x0000000080f00000|100%| O|  |TAMS 0x0000000080f00000, 0x0000000080e00000| Untracked 
|  15|0x0000000080f00000, 0x0000000081000000, 0x0000000081000000|100%| O|  |TAMS 0x0000000081000000, 0x0000000080f00000| Untracked 
|  16|0x0000000081000000, 0x0000000081100000, 0x0000000081100000|100%| O|  |TAMS 0x0000000081100000, 0x0000000081000000| Untracked 
|  17|0x0000000081100000, 0x0000000081200000, 0x0000000081200000|100%| O|  |TAMS 0x0000000081200000, 0x0000000081100000| Untracked 
|  18|0x0000000081200000, 0x0000000081300000, 0x0000000081300000|100%| O|  |TAMS 0x0000000081300000, 0x0000000081200000| Untracked 
|  19|0x0000000081300000, 0x0000000081400000, 0x0000000081400000|100%| O|  |TAMS 0x0000000081400000, 0x0000000081300000| Untracked 
|  20|0x0000000081400000, 0x0000000081500000, 0x0000000081500000|100%| O|  |TAMS 0x0000000081500000, 0x0000000081400000| Untracked 
|  21|0x0000000081500000, 0x0000000081600000, 0x0000000081600000|100%| O|  |TAMS 0x0000000081600000, 0x0000000081500000| Updating 
|  22|0x0000000081600000, 0x0000000081700000, 0x0000000081700000|100%| O|  |TAMS 0x0000000081700000, 0x0000000081600000| Untracked 
|  23|0x0000000081700000, 0x0000000081800000, 0x0000000081800000|100%| O|  |TAMS 0x0000000081800000, 0x0000000081700000| Untracked 
|  24|0x0000000081800000, 0x0000000081900000, 0x0000000081900000|100%| O|  |TAMS 0x0000000081900000, 0x0000000081800000| Updating 
|  25|0x0000000081900000, 0x0000000081a00000, 0x0000000081a00000|100%| O|  |TAMS 0x0000000081a00000, 0x0000000081900000| Updating 
|  26|0x0000000081a00000, 0x0000000081b00000, 0x0000000081b00000|100%| O|  |TAMS 0x0000000081b00000, 0x0000000081a00000| Untracked 
|  27|0x0000000081b00000, 0x0000000081c00000, 0x0000000081c00000|100%| O|  |TAMS 0x0000000081c00000, 0x0000000081b00000| Updating 
|  28|0x0000000081c00000, 0x0000000081d00000, 0x0000000081d00000|100%| O|  |TAMS 0x0000000081d00000, 0x0000000081c00000| Updating 
|  29|0x0000000081d00000, 0x0000000081e00000, 0x0000000081e00000|100%| O|  |TAMS 0x0000000081e00000, 0x0000000081d00000| Updating 
|  30|0x0000000081e00000, 0x0000000081f00000, 0x0000000081f00000|100%| O|  |TAMS 0x0000000081f00000, 0x0000000081e00000| Untracked 
|  31|0x0000000081f00000, 0x0000000082000000, 0x0000000082000000|100%| O|  |TAMS 0x0000000082000000, 0x0000000081f00000| Untracked 
|  32|0x0000000082000000, 0x0000000082100000, 0x0000000082100000|100%| O|  |TAMS 0x0000000082100000, 0x0000000082000000| Updating 
|  33|0x0000000082100000, 0x0000000082200000, 0x0000000082200000|100%| O|  |TAMS 0x0000000082200000, 0x0000000082100000| Updating 
|  34|0x0000000082200000, 0x0000000082300000, 0x0000000082300000|100%| O|  |TAMS 0x0000000082300000, 0x0000000082200000| Updating 
|  35|0x0000000082300000, 0x0000000082400000, 0x0000000082400000|100%| O|  |TAMS 0x0000000082400000, 0x0000000082300000| Updating 
|  36|0x0000000082400000, 0x0000000082500000, 0x0000000082500000|100%| O|  |TAMS 0x0000000082500000, 0x0000000082400000| Updating 
|  37|0x0000000082500000, 0x0000000082600000, 0x0000000082600000|100%|HS|  |TAMS 0x0000000082600000, 0x0000000082500000| Complete 
|  38|0x0000000082600000, 0x0000000082700000, 0x0000000082700000|100%|HS|  |TAMS 0x0000000082700000, 0x0000000082600000| Complete 
|  39|0x0000000082700000, 0x0000000082800000, 0x0000000082800000|100%| O|  |TAMS 0x0000000082800000, 0x0000000082700000| Updating 
|  40|0x0000000082800000, 0x0000000082900000, 0x0000000082900000|100%|HS|  |TAMS 0x0000000082900000, 0x0000000082800000| Complete 
|  41|0x0000000082900000, 0x0000000082a00000, 0x0000000082a00000|100%|HC|  |TAMS 0x0000000082a00000, 0x0000000082900000| Complete 
|  42|0x0000000082a00000, 0x0000000082b00000, 0x0000000082b00000|100%|HS|  |TAMS 0x0000000082b00000, 0x0000000082a00000| Complete 
|  43|0x0000000082b00000, 0x0000000082c00000, 0x0000000082c00000|100%|HC|  |TAMS 0x0000000082c00000, 0x0000000082b00000| Complete 
|  44|0x0000000082c00000, 0x0000000082d00000, 0x0000000082d00000|100%| O|  |TAMS 0x0000000082d00000, 0x0000000082c00000| Updating 
|  45|0x0000000082d00000, 0x0000000082e00000, 0x0000000082e00000|100%| O|  |TAMS 0x0000000082e00000, 0x0000000082d00000| Untracked 
|  46|0x0000000082e00000, 0x0000000082f00000, 0x0000000082f00000|100%| O|  |TAMS 0x0000000082f00000, 0x0000000082e00000| Updating 
|  47|0x0000000082f00000, 0x0000000083000000, 0x0000000083000000|100%| O|  |TAMS 0x0000000083000000, 0x0000000082f00000| Untracked 
|  48|0x0000000083000000, 0x0000000083100000, 0x0000000083100000|100%| O|  |TAMS 0x0000000083100000, 0x0000000083000000| Updating 
|  49|0x0000000083100000, 0x0000000083200000, 0x0000000083200000|100%| O|  |TAMS 0x0000000083200000, 0x0000000083100000| Untracked 
|  50|0x0000000083200000, 0x0000000083300000, 0x0000000083300000|100%| O|  |TAMS 0x0000000083300000, 0x0000000083200000| Updating 
|  51|0x0000000083300000, 0x0000000083400000, 0x0000000083400000|100%| O|  |TAMS 0x0000000083400000, 0x0000000083300000| Untracked 
|  52|0x0000000083400000, 0x0000000083500000, 0x0000000083500000|100%| O|  |TAMS 0x0000000083500000, 0x0000000083400000| Untracked 
|  53|0x0000000083500000, 0x0000000083600000, 0x0000000083600000|100%| O|  |TAMS 0x0000000083600000, 0x0000000083500000| Untracked 
|  54|0x0000000083600000, 0x0000000083700000, 0x0000000083700000|100%| O|  |TAMS 0x0000000083700000, 0x0000000083600000| Updating 
|  55|0x0000000083700000, 0x0000000083800000, 0x0000000083800000|100%| O|  |TAMS 0x0000000083800000, 0x0000000083700000| Untracked 
|  56|0x0000000083800000, 0x0000000083900000, 0x0000000083900000|100%| O|  |TAMS 0x0000000083900000, 0x0000000083800000| Untracked 
|  57|0x0000000083900000, 0x0000000083a00000, 0x0000000083a00000|100%| O|  |TAMS 0x0000000083a00000, 0x0000000083900000| Updating 
|  58|0x0000000083a00000, 0x0000000083b00000, 0x0000000083b00000|100%| O|  |TAMS 0x0000000083b00000, 0x0000000083a00000| Updating 
|  59|0x0000000083b00000, 0x0000000083c00000, 0x0000000083c00000|100%| O|  |TAMS 0x0000000083c00000, 0x0000000083b00000| Untracked 
|  60|0x0000000083c00000, 0x0000000083d00000, 0x0000000083d00000|100%| O|  |TAMS 0x0000000083d00000, 0x0000000083c00000| Updating 
|  61|0x0000000083d00000, 0x0000000083e00000, 0x0000000083e00000|100%| O|  |TAMS 0x0000000083e00000, 0x0000000083d00000| Untracked 
|  62|0x0000000083e00000, 0x0000000083f00000, 0x0000000083f00000|100%| O|  |TAMS 0x0000000083f00000, 0x0000000083e00000| Untracked 
|  63|0x0000000083f00000, 0x0000000084000000, 0x0000000084000000|100%| O|  |TAMS 0x0000000084000000, 0x0000000083f00000| Updating 
|  64|0x0000000084000000, 0x0000000084100000, 0x0000000084100000|100%| O|  |TAMS 0x0000000084100000, 0x0000000084000000| Updating 
|  65|0x0000000084100000, 0x0000000084200000, 0x0000000084200000|100%| O|  |TAMS 0x0000000084200000, 0x0000000084100000| Updating 
|  66|0x0000000084200000, 0x0000000084300000, 0x0000000084300000|100%| O|  |TAMS 0x0000000084300000, 0x0000000084200000| Updating 
|  67|0x0000000084300000, 0x0000000084400000, 0x0000000084400000|100%| O|  |TAMS 0x0000000084400000, 0x0000000084300000| Untracked 
|  68|0x0000000084400000, 0x0000000084500000, 0x0000000084500000|100%| O|  |TAMS 0x0000000084500000, 0x0000000084400000| Updating 
|  69|0x0000000084500000, 0x0000000084600000, 0x0000000084600000|100%|HS|  |TAMS 0x0000000084600000, 0x0000000084500000| Complete 
|  70|0x0000000084600000, 0x0000000084700000, 0x0000000084700000|100%|HS|  |TAMS 0x0000000084700000, 0x0000000084600000| Complete 
|  71|0x0000000084700000, 0x0000000084800000, 0x0000000084800000|100%|HS|  |TAMS 0x0000000084800000, 0x0000000084700000| Complete 
|  72|0x0000000084800000, 0x0000000084900000, 0x0000000084900000|100%|HC|  |TAMS 0x0000000084900000, 0x0000000084800000| Complete 
|  73|0x0000000084900000, 0x0000000084a00000, 0x0000000084a00000|100%|HS|  |TAMS 0x0000000084a00000, 0x0000000084900000| Complete 
|  74|0x0000000084a00000, 0x0000000084b00000, 0x0000000084b00000|100%|HC|  |TAMS 0x0000000084b00000, 0x0000000084a00000| Complete 
|  75|0x0000000084b00000, 0x0000000084c00000, 0x0000000084c00000|100%|HC|  |TAMS 0x0000000084c00000, 0x0000000084b00000| Complete 
|  76|0x0000000084c00000, 0x0000000084d00000, 0x0000000084d00000|100%|HS|  |TAMS 0x0000000084d00000, 0x0000000084c00000| Complete 
|  77|0x0000000084d00000, 0x0000000084e00000, 0x0000000084e00000|100%|HS|  |TAMS 0x0000000084e00000, 0x0000000084d00000| Complete 
|  78|0x0000000084e00000, 0x0000000084f00000, 0x0000000084f00000|100%| O|  |TAMS 0x0000000084f00000, 0x0000000084e00000| Updating 
|  79|0x0000000084f00000, 0x0000000085000000, 0x0000000085000000|100%| O|  |TAMS 0x0000000085000000, 0x0000000084f00000| Untracked 
|  80|0x0000000085000000, 0x0000000085100000, 0x0000000085100000|100%| O|  |TAMS 0x0000000085100000, 0x0000000085000000| Untracked 
|  81|0x0000000085100000, 0x0000000085200000, 0x0000000085200000|100%|HS|  |TAMS 0x0000000085200000, 0x0000000085100000| Complete 
|  82|0x0000000085200000, 0x0000000085300000, 0x0000000085300000|100%|HC|  |TAMS 0x0000000085300000, 0x0000000085200000| Complete 
|  83|0x0000000085300000, 0x0000000085400000, 0x0000000085400000|100%| O|  |TAMS 0x0000000085400000, 0x0000000085300000| Updating 
|  84|0x0000000085400000, 0x0000000085500000, 0x0000000085500000|100%| O|  |TAMS 0x0000000085500000, 0x0000000085400000| Untracked 
|  85|0x0000000085500000, 0x0000000085600000, 0x0000000085600000|100%|HS|  |TAMS 0x0000000085600000, 0x0000000085500000| Complete 
|  86|0x0000000085600000, 0x0000000085700000, 0x0000000085700000|100%| O|  |TAMS 0x0000000085700000, 0x0000000085600000| Untracked 
|  87|0x0000000085700000, 0x0000000085800000, 0x0000000085800000|100%| O|  |TAMS 0x0000000085800000, 0x0000000085700000| Updating 
|  88|0x0000000085800000, 0x0000000085900000, 0x0000000085900000|100%| O|  |TAMS 0x0000000085900000, 0x0000000085800000| Updating 
|  89|0x0000000085900000, 0x0000000085a00000, 0x0000000085a00000|100%| O|  |TAMS 0x0000000085a00000, 0x0000000085900000| Updating 
|  90|0x0000000085a00000, 0x0000000085b00000, 0x0000000085b00000|100%| O|  |TAMS 0x0000000085b00000, 0x0000000085a00000| Updating 
|  91|0x0000000085b00000, 0x0000000085c00000, 0x0000000085c00000|100%| O|  |TAMS 0x0000000085c00000, 0x0000000085b00000| Updating 
|  92|0x0000000085c00000, 0x0000000085d00000, 0x0000000085d00000|100%| O|  |TAMS 0x0000000085d00000, 0x0000000085c00000| Untracked 
|  93|0x0000000085d00000, 0x0000000085e00000, 0x0000000085e00000|100%| O|  |TAMS 0x0000000085e00000, 0x0000000085d00000| Updating 
|  94|0x0000000085e00000, 0x0000000085f00000, 0x0000000085f00000|100%| O|  |TAMS 0x0000000085f00000, 0x0000000085e00000| Updating 
|  95|0x0000000085f00000, 0x0000000086000000, 0x0000000086000000|100%| O|  |TAMS 0x0000000086000000, 0x0000000085f00000| Updating 
|  96|0x0000000086000000, 0x0000000086100000, 0x0000000086100000|100%| O|  |TAMS 0x0000000086100000, 0x0000000086000000| Untracked 
|  97|0x0000000086100000, 0x0000000086200000, 0x0000000086200000|100%| O|  |TAMS 0x0000000086200000, 0x0000000086100000| Untracked 
|  98|0x0000000086200000, 0x0000000086300000, 0x0000000086300000|100%| O|  |TAMS 0x0000000086300000, 0x0000000086200000| Untracked 
|  99|0x0000000086300000, 0x0000000086400000, 0x0000000086400000|100%| O|  |TAMS 0x0000000086400000, 0x0000000086300000| Untracked 
| 100|0x0000000086400000, 0x0000000086500000, 0x0000000086500000|100%| O|  |TAMS 0x0000000086500000, 0x0000000086400000| Untracked 
| 101|0x0000000086500000, 0x0000000086600000, 0x0000000086600000|100%|HS|  |TAMS 0x0000000086600000, 0x0000000086500000| Complete 
| 102|0x0000000086600000, 0x0000000086700000, 0x0000000086700000|100%|HC|  |TAMS 0x0000000086700000, 0x0000000086600000| Complete 
| 103|0x0000000086700000, 0x0000000086800000, 0x0000000086800000|100%| O|  |TAMS 0x0000000086800000, 0x0000000086700000| Untracked 
| 104|0x0000000086800000, 0x0000000086900000, 0x0000000086900000|100%| O|  |TAMS 0x0000000086900000, 0x0000000086800000| Untracked 
| 105|0x0000000086900000, 0x0000000086a00000, 0x0000000086a00000|100%| O|  |TAMS 0x0000000086a00000, 0x0000000086900000| Untracked 
| 106|0x0000000086a00000, 0x0000000086b00000, 0x0000000086b00000|100%| O|  |TAMS 0x0000000086b00000, 0x0000000086a00000| Untracked 
| 107|0x0000000086b00000, 0x0000000086c00000, 0x0000000086c00000|100%| O|  |TAMS 0x0000000086c00000, 0x0000000086b00000| Untracked 
| 108|0x0000000086c00000, 0x0000000086d00000, 0x0000000086d00000|100%| O|  |TAMS 0x0000000086d00000, 0x0000000086c00000| Updating 
| 109|0x0000000086d00000, 0x0000000086e00000, 0x0000000086e00000|100%|HS|  |TAMS 0x0000000086e00000, 0x0000000086d00000| Complete 
| 110|0x0000000086e00000, 0x0000000086f00000, 0x0000000086f00000|100%|HC|  |TAMS 0x0000000086f00000, 0x0000000086e00000| Complete 
| 111|0x0000000086f00000, 0x0000000087000000, 0x0000000087000000|100%|HC|  |TAMS 0x0000000087000000, 0x0000000086f00000| Complete 
| 112|0x0000000087000000, 0x0000000087100000, 0x0000000087100000|100%| O|  |TAMS 0x0000000087100000, 0x0000000087000000| Updating 
| 113|0x0000000087100000, 0x0000000087200000, 0x0000000087200000|100%| O|  |TAMS 0x0000000087200000, 0x0000000087100000| Untracked 
| 114|0x0000000087200000, 0x0000000087300000, 0x0000000087300000|100%| O|  |TAMS 0x0000000087300000, 0x0000000087200000| Updating 
| 115|0x0000000087300000, 0x0000000087400000, 0x0000000087400000|100%| O|  |TAMS 0x0000000087400000, 0x0000000087300000| Untracked 
| 116|0x0000000087400000, 0x0000000087500000, 0x0000000087500000|100%| O|  |TAMS 0x0000000087500000, 0x0000000087400000| Untracked 
| 117|0x0000000087500000, 0x0000000087600000, 0x0000000087600000|100%| O|  |TAMS 0x0000000087600000, 0x0000000087500000| Untracked 
| 118|0x0000000087600000, 0x0000000087700000, 0x0000000087700000|100%| O|  |TAMS 0x0000000087700000, 0x0000000087600000| Untracked 
| 119|0x0000000087700000, 0x0000000087800000, 0x0000000087800000|100%| O|  |TAMS 0x0000000087800000, 0x0000000087700000| Updating 
| 120|0x0000000087800000, 0x0000000087900000, 0x0000000087900000|100%| O|  |TAMS 0x0000000087900000, 0x0000000087800000| Untracked 
| 121|0x0000000087900000, 0x0000000087a00000, 0x0000000087a00000|100%| O|  |TAMS 0x0000000087a00000, 0x0000000087900000| Updating 
| 122|0x0000000087a00000, 0x0000000087b00000, 0x0000000087b00000|100%| O|  |TAMS 0x0000000087b00000, 0x0000000087a00000| Updating 
| 123|0x0000000087b00000, 0x0000000087c00000, 0x0000000087c00000|100%| O|  |TAMS 0x0000000087c00000, 0x0000000087b00000| Untracked 
| 124|0x0000000087c00000, 0x0000000087d00000, 0x0000000087d00000|100%| O|  |TAMS 0x0000000087d00000, 0x0000000087c00000| Untracked 
| 125|0x0000000087d00000, 0x0000000087e00000, 0x0000000087e00000|100%| O|  |TAMS 0x0000000087e00000, 0x0000000087d00000| Untracked 
| 126|0x0000000087e00000, 0x0000000087f00000, 0x0000000087f00000|100%|HS|  |TAMS 0x0000000087f00000, 0x0000000087e00000| Complete 
| 127|0x0000000087f00000, 0x0000000088000000, 0x0000000088000000|100%|HS|  |TAMS 0x0000000088000000, 0x0000000087f00000| Complete 
| 128|0x0000000088000000, 0x0000000088100000, 0x0000000088100000|100%|HS|  |TAMS 0x0000000088100000, 0x0000000088000000| Complete 
| 129|0x0000000088100000, 0x0000000088200000, 0x0000000088200000|100%| O|  |TAMS 0x0000000088200000, 0x0000000088100000| Untracked 
| 130|0x0000000088200000, 0x0000000088300000, 0x0000000088300000|100%| O|  |TAMS 0x0000000088300000, 0x0000000088200000| Updating 
| 131|0x0000000088300000, 0x0000000088400000, 0x0000000088400000|100%| O|  |TAMS 0x0000000088400000, 0x0000000088300000| Updating 
| 132|0x0000000088400000, 0x0000000088500000, 0x0000000088500000|100%| O|  |TAMS 0x0000000088500000, 0x0000000088400000| Updating 
| 133|0x0000000088500000, 0x0000000088600000, 0x0000000088600000|100%| O|  |TAMS 0x0000000088600000, 0x0000000088500000| Untracked 
| 134|0x0000000088600000, 0x0000000088700000, 0x0000000088700000|100%| O|  |TAMS 0x0000000088700000, 0x0000000088600000| Updating 
| 135|0x0000000088700000, 0x0000000088800000, 0x0000000088800000|100%| O|  |TAMS 0x0000000088800000, 0x0000000088700000| Updating 
| 136|0x0000000088800000, 0x0000000088900000, 0x0000000088900000|100%| O|  |TAMS 0x0000000088900000, 0x0000000088800000| Untracked 
| 137|0x0000000088900000, 0x0000000088a00000, 0x0000000088a00000|100%| O|  |TAMS 0x0000000088a00000, 0x0000000088900000| Untracked 
| 138|0x0000000088a00000, 0x0000000088b00000, 0x0000000088b00000|100%| O|  |TAMS 0x0000000088b00000, 0x0000000088a00000| Untracked 
| 139|0x0000000088b00000, 0x0000000088c00000, 0x0000000088c00000|100%| O|  |TAMS 0x0000000088c00000, 0x0000000088b00000| Untracked 
| 140|0x0000000088c00000, 0x0000000088d00000, 0x0000000088d00000|100%| O|  |TAMS 0x0000000088d00000, 0x0000000088c00000| Untracked 
| 141|0x0000000088d00000, 0x0000000088e00000, 0x0000000088e00000|100%| O|  |TAMS 0x0000000088e00000, 0x0000000088d00000| Untracked 
| 142|0x0000000088e00000, 0x0000000088f00000, 0x0000000088f00000|100%| O|  |TAMS 0x0000000088f00000, 0x0000000088e00000| Untracked 
| 143|0x0000000088f00000, 0x0000000089000000, 0x0000000089000000|100%| O|  |TAMS 0x0000000089000000, 0x0000000088f00000| Untracked 
| 144|0x0000000089000000, 0x0000000089100000, 0x0000000089100000|100%| O|  |TAMS 0x0000000089100000, 0x0000000089000000| Untracked 
| 145|0x0000000089100000, 0x0000000089200000, 0x0000000089200000|100%| O|  |TAMS 0x0000000089200000, 0x0000000089100000| Updating 
| 146|0x0000000089200000, 0x0000000089300000, 0x0000000089300000|100%| O|  |TAMS 0x0000000089300000, 0x0000000089200000| Untracked 
| 147|0x0000000089300000, 0x0000000089400000, 0x0000000089400000|100%| O|  |TAMS 0x0000000089400000, 0x0000000089300000| Updating 
| 148|0x0000000089400000, 0x0000000089500000, 0x0000000089500000|100%|HS|  |TAMS 0x0000000089500000, 0x0000000089400000| Complete 
| 149|0x0000000089500000, 0x0000000089600000, 0x0000000089600000|100%|HS|  |TAMS 0x0000000089600000, 0x0000000089500000| Complete 
| 150|0x0000000089600000, 0x0000000089700000, 0x0000000089700000|100%| O|  |TAMS 0x0000000089700000, 0x0000000089600000| Untracked 
| 151|0x0000000089700000, 0x0000000089800000, 0x0000000089800000|100%| O|  |TAMS 0x0000000089800000, 0x0000000089700000| Untracked 
| 152|0x0000000089800000, 0x0000000089900000, 0x0000000089900000|100%| O|  |TAMS 0x0000000089900000, 0x0000000089800000| Updating 
| 153|0x0000000089900000, 0x0000000089a00000, 0x0000000089a00000|100%| O|  |TAMS 0x0000000089a00000, 0x0000000089900000| Untracked 
| 154|0x0000000089a00000, 0x0000000089b00000, 0x0000000089b00000|100%| O|  |TAMS 0x0000000089b00000, 0x0000000089a00000| Untracked 
| 155|0x0000000089b00000, 0x0000000089c00000, 0x0000000089c00000|100%| O|  |TAMS 0x0000000089c00000, 0x0000000089b00000| Updating 
| 156|0x0000000089c00000, 0x0000000089d00000, 0x0000000089d00000|100%| O|  |TAMS 0x0000000089d00000, 0x0000000089c00000| Updating 
| 157|0x0000000089d00000, 0x0000000089e00000, 0x0000000089e00000|100%| O|  |TAMS 0x0000000089e00000, 0x0000000089d00000| Updating 
| 158|0x0000000089e00000, 0x0000000089f00000, 0x0000000089f00000|100%| O|  |TAMS 0x0000000089f00000, 0x0000000089e00000| Untracked 
| 159|0x0000000089f00000, 0x000000008a000000, 0x000000008a000000|100%| O|  |TAMS 0x000000008a000000, 0x0000000089f00000| Updating 
| 160|0x000000008a000000, 0x000000008a100000, 0x000000008a100000|100%| O|  |TAMS 0x000000008a100000, 0x000000008a000000| Untracked 
| 161|0x000000008a100000, 0x000000008a200000, 0x000000008a200000|100%| O|  |TAMS 0x000000008a200000, 0x000000008a100000| Untracked 
| 162|0x000000008a200000, 0x000000008a300000, 0x000000008a300000|100%| O|  |TAMS 0x000000008a300000, 0x000000008a200000| Untracked 
| 163|0x000000008a300000, 0x000000008a400000, 0x000000008a400000|100%| O|  |TAMS 0x000000008a400000, 0x000000008a300000| Updating 
| 164|0x000000008a400000, 0x000000008a500000, 0x000000008a500000|100%| O|  |TAMS 0x000000008a500000, 0x000000008a400000| Updating 
| 165|0x000000008a500000, 0x000000008a600000, 0x000000008a600000|100%| O|  |TAMS 0x000000008a600000, 0x000000008a500000| Updating 
| 166|0x000000008a600000, 0x000000008a700000, 0x000000008a700000|100%| O|  |TAMS 0x000000008a700000, 0x000000008a600000| Updating 
| 167|0x000000008a700000, 0x000000008a800000, 0x000000008a800000|100%| O|  |TAMS 0x000000008a800000, 0x000000008a700000| Updating 
| 168|0x000000008a800000, 0x000000008a900000, 0x000000008a900000|100%| O|  |TAMS 0x000000008a900000, 0x000000008a800000| Updating 
| 169|0x000000008a900000, 0x000000008aa00000, 0x000000008aa00000|100%| O|  |TAMS 0x000000008aa00000, 0x000000008a900000| Untracked 
| 170|0x000000008aa00000, 0x000000008ab00000, 0x000000008ab00000|100%| O|  |TAMS 0x000000008ab00000, 0x000000008aa00000| Updating 
| 171|0x000000008ab00000, 0x000000008ac00000, 0x000000008ac00000|100%| O|  |TAMS 0x000000008ac00000, 0x000000008ab00000| Untracked 
| 172|0x000000008ac00000, 0x000000008ad00000, 0x000000008ad00000|100%|HS|  |TAMS 0x000000008ad00000, 0x000000008ac00000| Complete 
| 173|0x000000008ad00000, 0x000000008ae00000, 0x000000008ae00000|100%|HS|  |TAMS 0x000000008ae00000, 0x000000008ad00000| Complete 
| 174|0x000000008ae00000, 0x000000008af00000, 0x000000008af00000|100%|HC|  |TAMS 0x000000008af00000, 0x000000008ae00000| Complete 
| 175|0x000000008af00000, 0x000000008b000000, 0x000000008b000000|100%|HS|  |TAMS 0x000000008b000000, 0x000000008af00000| Complete 
| 176|0x000000008b000000, 0x000000008b100000, 0x000000008b100000|100%|HS|  |TAMS 0x000000008b100000, 0x000000008b000000| Complete 
| 177|0x000000008b100000, 0x000000008b200000, 0x000000008b200000|100%| O|  |TAMS 0x000000008b200000, 0x000000008b100000| Untracked 
| 178|0x000000008b200000, 0x000000008b300000, 0x000000008b300000|100%| O|  |TAMS 0x000000008b300000, 0x000000008b200000| Untracked 
| 179|0x000000008b300000, 0x000000008b400000, 0x000000008b400000|100%| O|  |TAMS 0x000000008b400000, 0x000000008b300000| Untracked 
| 180|0x000000008b400000, 0x000000008b500000, 0x000000008b500000|100%| O|  |TAMS 0x000000008b500000, 0x000000008b400000| Updating 
| 181|0x000000008b500000, 0x000000008b600000, 0x000000008b600000|100%|HS|  |TAMS 0x000000008b600000, 0x000000008b500000| Complete 
| 182|0x000000008b600000, 0x000000008b700000, 0x000000008b700000|100%|HC|  |TAMS 0x000000008b700000, 0x000000008b600000| Complete 
| 183|0x000000008b700000, 0x000000008b800000, 0x000000008b800000|100%|HC|  |TAMS 0x000000008b800000, 0x000000008b700000| Complete 
| 184|0x000000008b800000, 0x000000008b900000, 0x000000008b900000|100%|HC|  |TAMS 0x000000008b900000, 0x000000008b800000| Complete 
| 185|0x000000008b900000, 0x000000008ba00000, 0x000000008ba00000|100%| O|  |TAMS 0x000000008ba00000, 0x000000008b900000| Untracked 
| 186|0x000000008ba00000, 0x000000008bb00000, 0x000000008bb00000|100%| O|  |TAMS 0x000000008bb00000, 0x000000008ba00000| Untracked 
| 187|0x000000008bb00000, 0x000000008bc00000, 0x000000008bc00000|100%| O|  |TAMS 0x000000008bc00000, 0x000000008bb00000| Untracked 
| 188|0x000000008bc00000, 0x000000008bd00000, 0x000000008bd00000|100%| O|  |TAMS 0x000000008bd00000, 0x000000008bc00000| Untracked 
| 189|0x000000008bd00000, 0x000000008be00000, 0x000000008be00000|100%| O|  |TAMS 0x000000008be00000, 0x000000008bd00000| Updating 
| 190|0x000000008be00000, 0x000000008bf00000, 0x000000008bf00000|100%| O|  |TAMS 0x000000008bf00000, 0x000000008be00000| Untracked 
| 191|0x000000008bf00000, 0x000000008c000000, 0x000000008c000000|100%| O|  |TAMS 0x000000008c000000, 0x000000008bf00000| Untracked 
| 192|0x000000008c000000, 0x000000008c100000, 0x000000008c100000|100%| O|  |TAMS 0x000000008c100000, 0x000000008c000000| Updating 
| 193|0x000000008c100000, 0x000000008c200000, 0x000000008c200000|100%| O|  |TAMS 0x000000008c200000, 0x000000008c100000| Untracked 
| 194|0x000000008c200000, 0x000000008c300000, 0x000000008c300000|100%| O|  |TAMS 0x000000008c300000, 0x000000008c200000| Untracked 
| 195|0x000000008c300000, 0x000000008c400000, 0x000000008c400000|100%| O|  |TAMS 0x000000008c400000, 0x000000008c300000| Updating 
| 196|0x000000008c400000, 0x000000008c500000, 0x000000008c500000|100%| O|  |TAMS 0x000000008c500000, 0x000000008c400000| Untracked 
| 197|0x000000008c500000, 0x000000008c600000, 0x000000008c600000|100%| O|  |TAMS 0x000000008c600000, 0x000000008c500000| Updating 
| 198|0x000000008c600000, 0x000000008c700000, 0x000000008c700000|100%| O|  |TAMS 0x000000008c700000, 0x000000008c600000| Untracked 
| 199|0x000000008c700000, 0x000000008c800000, 0x000000008c800000|100%| O|  |TAMS 0x000000008c800000, 0x000000008c700000| Updating 
| 200|0x000000008c800000, 0x000000008c900000, 0x000000008c900000|100%| O|  |TAMS 0x000000008c900000, 0x000000008c800000| Updating 
| 201|0x000000008c900000, 0x000000008ca00000, 0x000000008ca00000|100%| O|  |TAMS 0x000000008ca00000, 0x000000008c900000| Updating 
| 202|0x000000008ca00000, 0x000000008cb00000, 0x000000008cb00000|100%| O|  |TAMS 0x000000008cb00000, 0x000000008ca00000| Updating 
| 203|0x000000008cb00000, 0x000000008cc00000, 0x000000008cc00000|100%| O|  |TAMS 0x000000008cc00000, 0x000000008cb00000| Untracked 
| 204|0x000000008cc00000, 0x000000008cd00000, 0x000000008cd00000|100%| O|  |TAMS 0x000000008cd00000, 0x000000008cc00000| Updating 
| 205|0x000000008cd00000, 0x000000008ce00000, 0x000000008ce00000|100%| O|  |TAMS 0x000000008ce00000, 0x000000008cd00000| Updating 
| 206|0x000000008ce00000, 0x000000008cf00000, 0x000000008cf00000|100%| O|  |TAMS 0x000000008cf00000, 0x000000008ce00000| Untracked 
| 207|0x000000008cf00000, 0x000000008d000000, 0x000000008d000000|100%| O|  |TAMS 0x000000008d000000, 0x000000008cf00000| Untracked 
| 208|0x000000008d000000, 0x000000008d100000, 0x000000008d100000|100%| O|  |TAMS 0x000000008d100000, 0x000000008d000000| Untracked 
| 209|0x000000008d100000, 0x000000008d200000, 0x000000008d200000|100%| O|  |TAMS 0x000000008d200000, 0x000000008d100000| Untracked 
| 210|0x000000008d200000, 0x000000008d300000, 0x000000008d300000|100%| O|  |TAMS 0x000000008d300000, 0x000000008d200000| Updating 
| 211|0x000000008d300000, 0x000000008d400000, 0x000000008d400000|100%| O|  |TAMS 0x000000008d400000, 0x000000008d300000| Updating 
| 212|0x000000008d400000, 0x000000008d500000, 0x000000008d500000|100%| O|  |TAMS 0x000000008d500000, 0x000000008d400000| Untracked 
| 213|0x000000008d500000, 0x000000008d600000, 0x000000008d600000|100%| O|  |TAMS 0x000000008d600000, 0x000000008d500000| Updating 
| 214|0x000000008d600000, 0x000000008d700000, 0x000000008d700000|100%|HS|  |TAMS 0x000000008d700000, 0x000000008d600000| Complete 
| 215|0x000000008d700000, 0x000000008d800000, 0x000000008d800000|100%|HS|  |TAMS 0x000000008d800000, 0x000000008d700000| Complete 
| 216|0x000000008d800000, 0x000000008d900000, 0x000000008d900000|100%|HS|  |TAMS 0x000000008d900000, 0x000000008d800000| Complete 
| 217|0x000000008d900000, 0x000000008da00000, 0x000000008da00000|100%| O|  |TAMS 0x000000008da00000, 0x000000008d900000| Updating 
| 218|0x000000008da00000, 0x000000008db00000, 0x000000008db00000|100%| O|  |TAMS 0x000000008db00000, 0x000000008da00000| Updating 
| 219|0x000000008db00000, 0x000000008dc00000, 0x000000008dc00000|100%| O|  |TAMS 0x000000008dc00000, 0x000000008db00000| Updating 
| 220|0x000000008dc00000, 0x000000008dd00000, 0x000000008dd00000|100%| O|  |TAMS 0x000000008dd00000, 0x000000008dc00000| Updating 
| 221|0x000000008dd00000, 0x000000008de00000, 0x000000008de00000|100%| O|  |TAMS 0x000000008de00000, 0x000000008dd00000| Updating 
| 222|0x000000008de00000, 0x000000008df00000, 0x000000008df00000|100%| O|  |TAMS 0x000000008df00000, 0x000000008de00000| Untracked 
| 223|0x000000008df00000, 0x000000008e000000, 0x000000008e000000|100%| O|  |TAMS 0x000000008e000000, 0x000000008df00000| Untracked 
| 224|0x000000008e000000, 0x000000008e100000, 0x000000008e100000|100%| O|  |TAMS 0x000000008e100000, 0x000000008e000000| Untracked 
| 225|0x000000008e100000, 0x000000008e200000, 0x000000008e200000|100%| O|  |TAMS 0x000000008e200000, 0x000000008e100000| Untracked 
| 226|0x000000008e200000, 0x000000008e300000, 0x000000008e300000|100%| O|  |TAMS 0x000000008e300000, 0x000000008e200000| Untracked 
| 227|0x000000008e300000, 0x000000008e400000, 0x000000008e400000|100%| O|  |TAMS 0x000000008e400000, 0x000000008e300000| Untracked 
| 228|0x000000008e400000, 0x000000008e500000, 0x000000008e500000|100%| O|  |TAMS 0x000000008e500000, 0x000000008e400000| Updating 
| 229|0x000000008e500000, 0x000000008e600000, 0x000000008e600000|100%| O|  |TAMS 0x000000008e600000, 0x000000008e500000| Updating 
| 230|0x000000008e600000, 0x000000008e700000, 0x000000008e700000|100%|HS|  |TAMS 0x000000008e700000, 0x000000008e600000| Complete 
| 231|0x000000008e700000, 0x000000008e800000, 0x000000008e800000|100%|HS|  |TAMS 0x000000008e800000, 0x000000008e700000| Complete 
| 232|0x000000008e800000, 0x000000008e900000, 0x000000008e900000|100%| O|  |TAMS 0x000000008e900000, 0x000000008e800000| Untracked 
| 233|0x000000008e900000, 0x000000008ea00000, 0x000000008ea00000|100%| O|  |TAMS 0x000000008ea00000, 0x000000008e900000| Untracked 
| 234|0x000000008ea00000, 0x000000008eb00000, 0x000000008eb00000|100%| O|  |TAMS 0x000000008eb00000, 0x000000008ea00000| Updating 
| 235|0x000000008eb00000, 0x000000008ec00000, 0x000000008ec00000|100%| O|  |TAMS 0x000000008ec00000, 0x000000008eb00000| Untracked 
| 236|0x000000008ec00000, 0x000000008ed00000, 0x000000008ed00000|100%| O|  |TAMS 0x000000008ed00000, 0x000000008ec00000| Untracked 
| 237|0x000000008ed00000, 0x000000008ee00000, 0x000000008ee00000|100%| O|  |TAMS 0x000000008ee00000, 0x000000008ed00000| Updating 
| 238|0x000000008ee00000, 0x000000008ef00000, 0x000000008ef00000|100%| O|  |TAMS 0x000000008ef00000, 0x000000008ee00000| Untracked 
| 239|0x000000008ef00000, 0x000000008f000000, 0x000000008f000000|100%| O|  |TAMS 0x000000008f000000, 0x000000008ef00000| Updating 
| 240|0x000000008f000000, 0x000000008f100000, 0x000000008f100000|100%| O|  |TAMS 0x000000008f100000, 0x000000008f000000| Untracked 
| 241|0x000000008f100000, 0x000000008f200000, 0x000000008f200000|100%| O|  |TAMS 0x000000008f200000, 0x000000008f100000| Updating 
| 242|0x000000008f200000, 0x000000008f300000, 0x000000008f300000|100%| O|  |TAMS 0x000000008f300000, 0x000000008f200000| Updating 
| 243|0x000000008f300000, 0x000000008f400000, 0x000000008f400000|100%| O|  |TAMS 0x000000008f400000, 0x000000008f300000| Updating 
| 244|0x000000008f400000, 0x000000008f500000, 0x000000008f500000|100%|HS|  |TAMS 0x000000008f500000, 0x000000008f400000| Complete 
| 245|0x000000008f500000, 0x000000008f600000, 0x000000008f600000|100%|HC|  |TAMS 0x000000008f600000, 0x000000008f500000| Complete 
| 246|0x000000008f600000, 0x000000008f700000, 0x000000008f700000|100%| O|  |TAMS 0x000000008f700000, 0x000000008f600000| Updating 
| 247|0x000000008f700000, 0x000000008f800000, 0x000000008f800000|100%| O|  |TAMS 0x000000008f800000, 0x000000008f700000| Untracked 
| 248|0x000000008f800000, 0x000000008f900000, 0x000000008f900000|100%| O|  |TAMS 0x000000008f900000, 0x000000008f800000| Untracked 
| 249|0x000000008f900000, 0x000000008fa00000, 0x000000008fa00000|100%| O|  |TAMS 0x000000008fa00000, 0x000000008f900000| Untracked 
| 250|0x000000008fa00000, 0x000000008fb00000, 0x000000008fb00000|100%| O|  |TAMS 0x000000008fb00000, 0x000000008fa00000| Untracked 
| 251|0x000000008fb00000, 0x000000008fc00000, 0x000000008fc00000|100%| O|  |TAMS 0x000000008fc00000, 0x000000008fb00000| Untracked 
| 252|0x000000008fc00000, 0x000000008fd00000, 0x000000008fd00000|100%| O|  |TAMS 0x000000008fd00000, 0x000000008fc00000| Untracked 
| 253|0x000000008fd00000, 0x000000008fe00000, 0x000000008fe00000|100%| O|  |TAMS 0x000000008fe00000, 0x000000008fd00000| Untracked 
| 254|0x000000008fe00000, 0x000000008ff00000, 0x000000008ff00000|100%| O|  |TAMS 0x000000008ff00000, 0x000000008fe00000| Untracked 
| 255|0x000000008ff00000, 0x0000000090000000, 0x0000000090000000|100%| O|  |TAMS 0x0000000090000000, 0x000000008ff00000| Updating 
| 256|0x0000000090000000, 0x0000000090100000, 0x0000000090100000|100%| O|  |TAMS 0x0000000090100000, 0x0000000090000000| Untracked 
| 257|0x0000000090100000, 0x0000000090200000, 0x0000000090200000|100%| O|  |TAMS 0x0000000090200000, 0x0000000090100000| Updating 
| 258|0x0000000090200000, 0x0000000090300000, 0x0000000090300000|100%| O|  |TAMS 0x0000000090300000, 0x0000000090200000| Updating 
| 259|0x0000000090300000, 0x0000000090400000, 0x0000000090400000|100%| O|  |TAMS 0x0000000090400000, 0x0000000090300000| Updating 
| 260|0x0000000090400000, 0x0000000090500000, 0x0000000090500000|100%| O|  |TAMS 0x0000000090500000, 0x0000000090400000| Untracked 
| 261|0x0000000090500000, 0x0000000090600000, 0x0000000090600000|100%| O|  |TAMS 0x0000000090600000, 0x0000000090500000| Updating 
| 262|0x0000000090600000, 0x0000000090700000, 0x0000000090700000|100%| O|  |TAMS 0x0000000090700000, 0x0000000090600000| Updating 
| 263|0x0000000090700000, 0x0000000090800000, 0x0000000090800000|100%| O|  |TAMS 0x0000000090800000, 0x0000000090700000| Untracked 
| 264|0x0000000090800000, 0x0000000090900000, 0x0000000090900000|100%| O|  |TAMS 0x0000000090900000, 0x0000000090800000| Untracked 
| 265|0x0000000090900000, 0x0000000090a00000, 0x0000000090a00000|100%| O|  |TAMS 0x0000000090a00000, 0x0000000090900000| Untracked 
| 266|0x0000000090a00000, 0x0000000090b00000, 0x0000000090b00000|100%| O|  |TAMS 0x0000000090b00000, 0x0000000090a00000| Untracked 
| 267|0x0000000090b00000, 0x0000000090c00000, 0x0000000090c00000|100%| O|  |TAMS 0x0000000090c00000, 0x0000000090b00000| Untracked 
| 268|0x0000000090c00000, 0x0000000090d00000, 0x0000000090d00000|100%| O|  |TAMS 0x0000000090d00000, 0x0000000090c00000| Untracked 
| 269|0x0000000090d00000, 0x0000000090e00000, 0x0000000090e00000|100%| O|  |TAMS 0x0000000090e00000, 0x0000000090d00000| Untracked 
| 270|0x0000000090e00000, 0x0000000090f00000, 0x0000000090f00000|100%| O|  |TAMS 0x0000000090f00000, 0x0000000090e00000| Untracked 
| 271|0x0000000090f00000, 0x0000000091000000, 0x0000000091000000|100%| O|  |TAMS 0x0000000091000000, 0x0000000090f00000| Untracked 
| 272|0x0000000091000000, 0x0000000091100000, 0x0000000091100000|100%| O|  |TAMS 0x0000000091100000, 0x0000000091000000| Updating 
| 273|0x0000000091100000, 0x0000000091200000, 0x0000000091200000|100%| O|  |TAMS 0x0000000091200000, 0x0000000091100000| Updating 
| 274|0x0000000091200000, 0x0000000091300000, 0x0000000091300000|100%| O|  |TAMS 0x0000000091300000, 0x0000000091200000| Updating 
| 275|0x0000000091300000, 0x0000000091400000, 0x0000000091400000|100%| O|  |TAMS 0x0000000091400000, 0x0000000091300000| Updating 
| 276|0x0000000091400000, 0x0000000091500000, 0x0000000091500000|100%| O|  |TAMS 0x0000000091500000, 0x0000000091400000| Updating 
| 277|0x0000000091500000, 0x0000000091600000, 0x0000000091600000|100%| O|  |TAMS 0x0000000091600000, 0x0000000091500000| Updating 
| 278|0x0000000091600000, 0x0000000091700000, 0x0000000091700000|100%| O|  |TAMS 0x0000000091700000, 0x0000000091600000| Updating 
| 279|0x0000000091700000, 0x0000000091800000, 0x0000000091800000|100%| O|  |TAMS 0x0000000091800000, 0x0000000091700000| Updating 
| 280|0x0000000091800000, 0x0000000091900000, 0x0000000091900000|100%| O|  |TAMS 0x0000000091900000, 0x0000000091800000| Untracked 
| 281|0x0000000091900000, 0x0000000091a00000, 0x0000000091a00000|100%| O|  |TAMS 0x0000000091a00000, 0x0000000091900000| Untracked 
| 282|0x0000000091a00000, 0x0000000091b00000, 0x0000000091b00000|100%| O|  |TAMS 0x0000000091b00000, 0x0000000091a00000| Untracked 
| 283|0x0000000091b00000, 0x0000000091c00000, 0x0000000091c00000|100%| O|  |TAMS 0x0000000091c00000, 0x0000000091b00000| Untracked 
| 284|0x0000000091c00000, 0x0000000091d00000, 0x0000000091d00000|100%| O|  |TAMS 0x0000000091d00000, 0x0000000091c00000| Untracked 
| 285|0x0000000091d00000, 0x0000000091e00000, 0x0000000091e00000|100%| O|  |TAMS 0x0000000091e00000, 0x0000000091d00000| Untracked 
| 286|0x0000000091e00000, 0x0000000091f00000, 0x0000000091f00000|100%| O|  |TAMS 0x0000000091f00000, 0x0000000091e00000| Untracked 
| 287|0x0000000091f00000, 0x0000000092000000, 0x0000000092000000|100%| O|  |TAMS 0x0000000092000000, 0x0000000091f00000| Untracked 
| 288|0x0000000092000000, 0x0000000092100000, 0x0000000092100000|100%| O|  |TAMS 0x0000000092100000, 0x0000000092000000| Untracked 
| 289|0x0000000092100000, 0x0000000092200000, 0x0000000092200000|100%| O|  |TAMS 0x0000000092200000, 0x0000000092100000| Untracked 
| 290|0x0000000092200000, 0x0000000092300000, 0x0000000092300000|100%| O|  |TAMS 0x0000000092300000, 0x0000000092200000| Untracked 
| 291|0x0000000092300000, 0x0000000092400000, 0x0000000092400000|100%| O|  |TAMS 0x0000000092400000, 0x0000000092300000| Untracked 
| 292|0x0000000092400000, 0x0000000092500000, 0x0000000092500000|100%| O|  |TAMS 0x0000000092500000, 0x0000000092400000| Untracked 
| 293|0x0000000092500000, 0x0000000092600000, 0x0000000092600000|100%| O|  |TAMS 0x0000000092600000, 0x0000000092500000| Untracked 
| 294|0x0000000092600000, 0x0000000092700000, 0x0000000092700000|100%| O|  |TAMS 0x0000000092700000, 0x0000000092600000| Untracked 
| 295|0x0000000092700000, 0x0000000092800000, 0x0000000092800000|100%| O|  |TAMS 0x0000000092800000, 0x0000000092700000| Untracked 
| 296|0x0000000092800000, 0x0000000092900000, 0x0000000092900000|100%| O|  |TAMS 0x0000000092900000, 0x0000000092800000| Untracked 
| 297|0x0000000092900000, 0x0000000092a00000, 0x0000000092a00000|100%| O|  |TAMS 0x0000000092a00000, 0x0000000092900000| Updating 
| 298|0x0000000092a00000, 0x0000000092b00000, 0x0000000092b00000|100%| O|  |TAMS 0x0000000092b00000, 0x0000000092a00000| Updating 
| 299|0x0000000092b00000, 0x0000000092c00000, 0x0000000092c00000|100%| O|  |TAMS 0x0000000092c00000, 0x0000000092b00000| Updating 
| 300|0x0000000092c00000, 0x0000000092d00000, 0x0000000092d00000|100%| O|  |TAMS 0x0000000092d00000, 0x0000000092c00000| Untracked 
| 301|0x0000000092d00000, 0x0000000092e00000, 0x0000000092e00000|100%| O|  |TAMS 0x0000000092e00000, 0x0000000092d00000| Untracked 
| 302|0x0000000092e00000, 0x0000000092f00000, 0x0000000092f00000|100%| O|  |TAMS 0x0000000092f00000, 0x0000000092e00000| Untracked 
| 303|0x0000000092f00000, 0x0000000093000000, 0x0000000093000000|100%| O|  |TAMS 0x0000000093000000, 0x0000000092f00000| Untracked 
| 304|0x0000000093000000, 0x0000000093100000, 0x0000000093100000|100%| O|  |TAMS 0x0000000093100000, 0x0000000093000000| Untracked 
| 305|0x0000000093100000, 0x0000000093200000, 0x0000000093200000|100%| O|  |TAMS 0x0000000093200000, 0x0000000093100000| Untracked 
| 306|0x0000000093200000, 0x0000000093300000, 0x0000000093300000|100%| O|  |TAMS 0x0000000093300000, 0x0000000093200000| Updating 
| 307|0x0000000093300000, 0x0000000093400000, 0x0000000093400000|100%| O|  |TAMS 0x0000000093400000, 0x0000000093300000| Updating 
| 308|0x0000000093400000, 0x0000000093500000, 0x0000000093500000|100%| O|  |TAMS 0x0000000093500000, 0x0000000093400000| Updating 
| 309|0x0000000093500000, 0x0000000093500000, 0x0000000093600000|  0%| F|  |TAMS 0x0000000093500000, 0x0000000093500000| Untracked 
| 310|0x0000000093600000, 0x0000000093700000, 0x0000000093700000|100%| O|  |TAMS 0x0000000093700000, 0x0000000093600000| Untracked 
| 311|0x0000000093700000, 0x0000000093800000, 0x0000000093800000|100%| O|  |TAMS 0x0000000093800000, 0x0000000093700000| Updating 
| 312|0x0000000093800000, 0x0000000093900000, 0x0000000093900000|100%| O|  |TAMS 0x0000000093900000, 0x0000000093800000| Updating 
| 313|0x0000000093900000, 0x0000000093a00000, 0x0000000093a00000|100%| O|  |TAMS 0x0000000093a00000, 0x0000000093900000| Updating 
| 314|0x0000000093a00000, 0x0000000093b00000, 0x0000000093b00000|100%| O|  |TAMS 0x0000000093b00000, 0x0000000093a00000| Untracked 
| 315|0x0000000093b00000, 0x0000000093c00000, 0x0000000093c00000|100%| O|  |TAMS 0x0000000093c00000, 0x0000000093b00000| Untracked 
| 316|0x0000000093c00000, 0x0000000093d00000, 0x0000000093d00000|100%| O|  |TAMS 0x0000000093d00000, 0x0000000093c00000| Updating 
| 317|0x0000000093d00000, 0x0000000093e00000, 0x0000000093e00000|100%| O|  |TAMS 0x0000000093e00000, 0x0000000093d00000| Untracked 
| 318|0x0000000093e00000, 0x0000000093f00000, 0x0000000093f00000|100%| O|  |TAMS 0x0000000093f00000, 0x0000000093e00000| Untracked 
| 319|0x0000000093f00000, 0x0000000094000000, 0x0000000094000000|100%| O|  |TAMS 0x0000000094000000, 0x0000000093f00000| Updating 
| 320|0x0000000094000000, 0x0000000094100000, 0x0000000094100000|100%| O|  |TAMS 0x0000000094100000, 0x0000000094000000| Updating 
| 321|0x0000000094100000, 0x0000000094200000, 0x0000000094200000|100%| O|  |TAMS 0x0000000094200000, 0x0000000094100000| Updating 
| 322|0x0000000094200000, 0x0000000094300000, 0x0000000094300000|100%| O|  |TAMS 0x0000000094300000, 0x0000000094200000| Updating 
| 323|0x0000000094300000, 0x0000000094400000, 0x0000000094400000|100%| O|  |TAMS 0x0000000094400000, 0x0000000094300000| Updating 
| 324|0x0000000094400000, 0x0000000094500000, 0x0000000094500000|100%| O|  |TAMS 0x0000000094500000, 0x0000000094400000| Updating 
| 325|0x0000000094500000, 0x0000000094600000, 0x0000000094600000|100%| O|  |TAMS 0x0000000094600000, 0x0000000094500000| Updating 
| 326|0x0000000094600000, 0x0000000094700000, 0x0000000094700000|100%| O|  |TAMS 0x0000000094700000, 0x0000000094600000| Updating 
| 327|0x0000000094700000, 0x0000000094800000, 0x0000000094800000|100%| O|  |TAMS 0x0000000094800000, 0x0000000094700000| Updating 
| 328|0x0000000094800000, 0x0000000094900000, 0x0000000094900000|100%| O|  |TAMS 0x0000000094900000, 0x0000000094800000| Untracked 
| 329|0x0000000094900000, 0x0000000094a00000, 0x0000000094a00000|100%| O|  |TAMS 0x0000000094a00000, 0x0000000094900000| Untracked 
| 330|0x0000000094a00000, 0x0000000094b00000, 0x0000000094b00000|100%| O|  |TAMS 0x0000000094b00000, 0x0000000094a00000| Updating 
| 331|0x0000000094b00000, 0x0000000094c00000, 0x0000000094c00000|100%| O|  |TAMS 0x0000000094c00000, 0x0000000094b00000| Updating 
| 332|0x0000000094c00000, 0x0000000094d00000, 0x0000000094d00000|100%| O|  |TAMS 0x0000000094d00000, 0x0000000094c00000| Updating 
| 333|0x0000000094d00000, 0x0000000094e00000, 0x0000000094e00000|100%| O|  |TAMS 0x0000000094e00000, 0x0000000094d00000| Updating 
| 334|0x0000000094e00000, 0x0000000094f00000, 0x0000000094f00000|100%| O|  |TAMS 0x0000000094f00000, 0x0000000094e00000| Updating 
| 335|0x0000000094f00000, 0x0000000095000000, 0x0000000095000000|100%| O|  |TAMS 0x0000000095000000, 0x0000000094f00000| Updating 
| 336|0x0000000095000000, 0x0000000095100000, 0x0000000095100000|100%| O|  |TAMS 0x0000000095100000, 0x0000000095000000| Updating 
| 337|0x0000000095100000, 0x0000000095200000, 0x0000000095200000|100%| O|  |TAMS 0x0000000095200000, 0x0000000095100000| Updating 
| 338|0x0000000095200000, 0x0000000095300000, 0x0000000095300000|100%| O|  |TAMS 0x0000000095300000, 0x0000000095200000| Updating 
| 339|0x0000000095300000, 0x0000000095400000, 0x0000000095400000|100%| O|  |TAMS 0x0000000095400000, 0x0000000095300000| Updating 
| 340|0x0000000095400000, 0x0000000095500000, 0x0000000095500000|100%| O|  |TAMS 0x0000000095500000, 0x0000000095400000| Updating 
| 341|0x0000000095500000, 0x0000000095600000, 0x0000000095600000|100%| O|  |TAMS 0x0000000095600000, 0x0000000095500000| Updating 
| 342|0x0000000095600000, 0x0000000095700000, 0x0000000095700000|100%| O|  |TAMS 0x0000000095700000, 0x0000000095600000| Updating 
| 343|0x0000000095700000, 0x0000000095800000, 0x0000000095800000|100%| O|  |TAMS 0x0000000095800000, 0x0000000095700000| Updating 
| 344|0x0000000095800000, 0x0000000095900000, 0x0000000095900000|100%| O|  |TAMS 0x0000000095900000, 0x0000000095800000| Updating 
| 345|0x0000000095900000, 0x0000000095a00000, 0x0000000095a00000|100%| O|  |TAMS 0x0000000095a00000, 0x0000000095900000| Untracked 
| 346|0x0000000095a00000, 0x0000000095b00000, 0x0000000095b00000|100%| O|  |TAMS 0x0000000095b00000, 0x0000000095a00000| Untracked 
| 347|0x0000000095b00000, 0x0000000095c00000, 0x0000000095c00000|100%| O|  |TAMS 0x0000000095c00000, 0x0000000095b00000| Untracked 
| 348|0x0000000095c00000, 0x0000000095d00000, 0x0000000095d00000|100%| O|  |TAMS 0x0000000095d00000, 0x0000000095c00000| Untracked 
| 349|0x0000000095d00000, 0x0000000095e00000, 0x0000000095e00000|100%| O|  |TAMS 0x0000000095e00000, 0x0000000095d00000| Updating 
| 350|0x0000000095e00000, 0x0000000095f00000, 0x0000000095f00000|100%| O|  |TAMS 0x0000000095f00000, 0x0000000095e00000| Updating 
| 351|0x0000000095f00000, 0x0000000096000000, 0x0000000096000000|100%| O|  |TAMS 0x0000000096000000, 0x0000000095f00000| Updating 
| 352|0x0000000096000000, 0x0000000096100000, 0x0000000096100000|100%| O|  |TAMS 0x0000000096100000, 0x0000000096000000| Updating 
| 353|0x0000000096100000, 0x0000000096200000, 0x0000000096200000|100%| O|  |TAMS 0x0000000096200000, 0x0000000096100000| Updating 
| 354|0x0000000096200000, 0x0000000096300000, 0x0000000096300000|100%| O|  |TAMS 0x0000000096300000, 0x0000000096200000| Updating 
| 355|0x0000000096300000, 0x0000000096400000, 0x0000000096400000|100%| O|  |TAMS 0x0000000096400000, 0x0000000096300000| Untracked 
| 356|0x0000000096400000, 0x0000000096500000, 0x0000000096500000|100%| O|  |TAMS 0x0000000096500000, 0x0000000096400000| Updating 
| 357|0x0000000096500000, 0x0000000096600000, 0x0000000096600000|100%| O|  |TAMS 0x0000000096600000, 0x0000000096500000| Updating 
| 358|0x0000000096600000, 0x0000000096700000, 0x0000000096700000|100%| O|  |TAMS 0x0000000096700000, 0x0000000096600000| Updating 
| 359|0x0000000096700000, 0x0000000096800000, 0x0000000096800000|100%| O|  |TAMS 0x0000000096800000, 0x0000000096700000| Untracked 
| 360|0x0000000096800000, 0x0000000096900000, 0x0000000096900000|100%| O|  |TAMS 0x0000000096900000, 0x0000000096800000| Untracked 
| 361|0x0000000096900000, 0x0000000096a00000, 0x0000000096a00000|100%| O|  |TAMS 0x0000000096a00000, 0x0000000096900000| Untracked 
| 362|0x0000000096a00000, 0x0000000096b00000, 0x0000000096b00000|100%| O|  |TAMS 0x0000000096b00000, 0x0000000096a00000| Updating 
| 363|0x0000000096b00000, 0x0000000096c00000, 0x0000000096c00000|100%| O|  |TAMS 0x0000000096c00000, 0x0000000096b00000| Updating 
| 364|0x0000000096c00000, 0x0000000096d00000, 0x0000000096d00000|100%| O|  |TAMS 0x0000000096d00000, 0x0000000096c00000| Updating 
| 365|0x0000000096d00000, 0x0000000096e00000, 0x0000000096e00000|100%| O|  |TAMS 0x0000000096e00000, 0x0000000096d00000| Untracked 
| 366|0x0000000096e00000, 0x0000000096f00000, 0x0000000096f00000|100%| O|  |TAMS 0x0000000096f00000, 0x0000000096e00000| Updating 
| 367|0x0000000096f00000, 0x0000000097000000, 0x0000000097000000|100%| O|  |TAMS 0x0000000097000000, 0x0000000096f00000| Updating 
| 368|0x0000000097000000, 0x0000000097100000, 0x0000000097100000|100%| O|  |TAMS 0x0000000097100000, 0x0000000097000000| Untracked 
| 369|0x0000000097100000, 0x0000000097200000, 0x0000000097200000|100%| O|  |TAMS 0x0000000097200000, 0x0000000097100000| Updating 
| 370|0x0000000097200000, 0x0000000097300000, 0x0000000097300000|100%| O|  |TAMS 0x0000000097300000, 0x0000000097200000| Updating 
| 371|0x0000000097300000, 0x0000000097400000, 0x0000000097400000|100%| O|  |TAMS 0x0000000097400000, 0x0000000097300000| Untracked 
| 372|0x0000000097400000, 0x0000000097500000, 0x0000000097500000|100%| O|  |TAMS 0x0000000097500000, 0x0000000097400000| Updating 
| 373|0x0000000097500000, 0x0000000097600000, 0x0000000097600000|100%| O|  |TAMS 0x0000000097600000, 0x0000000097500000| Updating 
| 374|0x0000000097600000, 0x0000000097700000, 0x0000000097700000|100%| O|  |TAMS 0x0000000097700000, 0x0000000097600000| Untracked 
| 375|0x0000000097700000, 0x0000000097800000, 0x0000000097800000|100%| O|  |TAMS 0x0000000097800000, 0x0000000097700000| Untracked 
| 376|0x0000000097800000, 0x0000000097900000, 0x0000000097900000|100%| O|  |TAMS 0x0000000097900000, 0x0000000097800000| Untracked 
| 377|0x0000000097900000, 0x0000000097a00000, 0x0000000097a00000|100%| O|  |TAMS 0x0000000097a00000, 0x0000000097900000| Untracked 
| 378|0x0000000097a00000, 0x0000000097b00000, 0x0000000097b00000|100%| O|  |TAMS 0x0000000097b00000, 0x0000000097a00000| Untracked 
| 379|0x0000000097b00000, 0x0000000097c00000, 0x0000000097c00000|100%| O|  |TAMS 0x0000000097c00000, 0x0000000097b00000| Untracked 
| 380|0x0000000097c00000, 0x0000000097d00000, 0x0000000097d00000|100%| O|  |TAMS 0x0000000097d00000, 0x0000000097c00000| Untracked 
| 381|0x0000000097d00000, 0x0000000097e00000, 0x0000000097e00000|100%| O|  |TAMS 0x0000000097e00000, 0x0000000097d00000| Untracked 
| 382|0x0000000097e00000, 0x0000000097f00000, 0x0000000097f00000|100%| O|  |TAMS 0x0000000097f00000, 0x0000000097e00000| Updating 
| 383|0x0000000097f00000, 0x0000000098000000, 0x0000000098000000|100%| O|  |TAMS 0x0000000098000000, 0x0000000097f00000| Untracked 
| 384|0x0000000098000000, 0x0000000098100000, 0x0000000098100000|100%| O|  |TAMS 0x0000000098100000, 0x0000000098000000| Untracked 
| 385|0x0000000098100000, 0x0000000098200000, 0x0000000098200000|100%| O|  |TAMS 0x0000000098200000, 0x0000000098100000| Untracked 
| 386|0x0000000098200000, 0x0000000098300000, 0x0000000098300000|100%| O|  |TAMS 0x0000000098300000, 0x0000000098200000| Untracked 
| 387|0x0000000098300000, 0x0000000098400000, 0x0000000098400000|100%| O|  |TAMS 0x0000000098400000, 0x0000000098300000| Untracked 
| 388|0x0000000098400000, 0x0000000098500000, 0x0000000098500000|100%| O|  |TAMS 0x0000000098500000, 0x0000000098400000| Untracked 
| 389|0x0000000098500000, 0x0000000098600000, 0x0000000098600000|100%| O|  |TAMS 0x0000000098600000, 0x0000000098500000| Untracked 
| 390|0x0000000098600000, 0x0000000098700000, 0x0000000098700000|100%| O|  |TAMS 0x0000000098700000, 0x0000000098600000| Untracked 
| 391|0x0000000098700000, 0x0000000098800000, 0x0000000098800000|100%| O|  |TAMS 0x0000000098800000, 0x0000000098700000| Updating 
| 392|0x0000000098800000, 0x0000000098900000, 0x0000000098900000|100%| O|  |TAMS 0x0000000098900000, 0x0000000098800000| Untracked 
| 393|0x0000000098900000, 0x0000000098a00000, 0x0000000098a00000|100%| O|  |TAMS 0x0000000098a00000, 0x0000000098900000| Untracked 
| 394|0x0000000098a00000, 0x0000000098b00000, 0x0000000098b00000|100%| O|  |TAMS 0x0000000098b00000, 0x0000000098a00000| Untracked 
| 395|0x0000000098b00000, 0x0000000098c00000, 0x0000000098c00000|100%| O|  |TAMS 0x0000000098c00000, 0x0000000098b00000| Untracked 
| 396|0x0000000098c00000, 0x0000000098d00000, 0x0000000098d00000|100%| O|  |TAMS 0x0000000098d00000, 0x0000000098c00000| Untracked 
| 397|0x0000000098d00000, 0x0000000098e00000, 0x0000000098e00000|100%| O|  |TAMS 0x0000000098e00000, 0x0000000098d00000| Untracked 
| 398|0x0000000098e00000, 0x0000000098f00000, 0x0000000098f00000|100%| O|  |TAMS 0x0000000098f00000, 0x0000000098e00000| Untracked 
| 399|0x0000000098f00000, 0x0000000099000000, 0x0000000099000000|100%| O|  |TAMS 0x0000000098fc1600, 0x0000000098f00000| Updating 
| 400|0x0000000099000000, 0x0000000099100000, 0x0000000099100000|100%| O|  |TAMS 0x0000000099000000, 0x0000000099000000| Untracked 
| 401|0x0000000099100000, 0x0000000099200000, 0x0000000099200000|100%| O|  |TAMS 0x0000000099100000, 0x0000000099100000| Untracked 
| 402|0x0000000099200000, 0x0000000099300000, 0x0000000099300000|100%| O|  |TAMS 0x0000000099200000, 0x0000000099200000| Untracked 
| 403|0x0000000099300000, 0x0000000099400000, 0x0000000099400000|100%| O|  |TAMS 0x0000000099300000, 0x0000000099300000| Untracked 
| 404|0x0000000099400000, 0x0000000099500000, 0x0000000099500000|100%| O|  |TAMS 0x0000000099400000, 0x0000000099400000| Untracked 
| 405|0x0000000099500000, 0x0000000099600000, 0x0000000099600000|100%| O|  |TAMS 0x0000000099500000, 0x0000000099500000| Untracked 
| 406|0x0000000099600000, 0x0000000099700000, 0x0000000099700000|100%| O|  |TAMS 0x0000000099600000, 0x0000000099600000| Untracked 
| 407|0x0000000099700000, 0x0000000099800000, 0x0000000099800000|100%| O|  |TAMS 0x0000000099700000, 0x0000000099700000| Untracked 
| 408|0x0000000099800000, 0x0000000099900000, 0x0000000099900000|100%| O|  |TAMS 0x0000000099800000, 0x0000000099800000| Untracked 
| 409|0x0000000099900000, 0x0000000099a00000, 0x0000000099a00000|100%| O|  |TAMS 0x0000000099900000, 0x0000000099900000| Untracked 
| 410|0x0000000099a00000, 0x0000000099b00000, 0x0000000099b00000|100%| O|  |TAMS 0x0000000099a00000, 0x0000000099a00000| Untracked 
| 411|0x0000000099b00000, 0x0000000099c00000, 0x0000000099c00000|100%| O|  |TAMS 0x0000000099b00000, 0x0000000099b00000| Untracked 
| 412|0x0000000099c00000, 0x0000000099d00000, 0x0000000099d00000|100%| O|  |TAMS 0x0000000099c00000, 0x0000000099c00000| Untracked 
| 413|0x0000000099d00000, 0x0000000099e00000, 0x0000000099e00000|100%| O|  |TAMS 0x0000000099d00000, 0x0000000099d00000| Untracked 
| 414|0x0000000099e00000, 0x0000000099f00000, 0x0000000099f00000|100%| O|  |TAMS 0x0000000099e00000, 0x0000000099e00000| Untracked 
| 415|0x0000000099f00000, 0x000000009a000000, 0x000000009a000000|100%| O|  |TAMS 0x0000000099f00000, 0x0000000099f00000| Untracked 
| 416|0x000000009a000000, 0x000000009a100000, 0x000000009a100000|100%| O|  |TAMS 0x000000009a000000, 0x000000009a000000| Untracked 
| 417|0x000000009a100000, 0x000000009a200000, 0x000000009a200000|100%| O|  |TAMS 0x000000009a100000, 0x000000009a100000| Untracked 
| 418|0x000000009a200000, 0x000000009a300000, 0x000000009a300000|100%| O|  |TAMS 0x000000009a200000, 0x000000009a200000| Untracked 
| 419|0x000000009a300000, 0x000000009a400000, 0x000000009a400000|100%| O|  |TAMS 0x000000009a300000, 0x000000009a300000| Untracked 
| 420|0x000000009a400000, 0x000000009a500000, 0x000000009a500000|100%| O|  |TAMS 0x000000009a400000, 0x000000009a400000| Untracked 
| 421|0x000000009a500000, 0x000000009a600000, 0x000000009a600000|100%| O|  |TAMS 0x000000009a500000, 0x000000009a500000| Untracked 
| 422|0x000000009a600000, 0x000000009a700000, 0x000000009a700000|100%| O|  |TAMS 0x000000009a600000, 0x000000009a600000| Untracked 
| 423|0x000000009a700000, 0x000000009a800000, 0x000000009a800000|100%| O|  |TAMS 0x000000009a700000, 0x000000009a700000| Untracked 
| 424|0x000000009a800000, 0x000000009a900000, 0x000000009a900000|100%| O|  |TAMS 0x000000009a800000, 0x000000009a800000| Untracked 
| 425|0x000000009a900000, 0x000000009aa00000, 0x000000009aa00000|100%| O|  |TAMS 0x000000009a900000, 0x000000009a900000| Untracked 
| 426|0x000000009aa00000, 0x000000009ab00000, 0x000000009ab00000|100%| O|  |TAMS 0x000000009aa00000, 0x000000009aa00000| Untracked 
| 427|0x000000009ab00000, 0x000000009ac00000, 0x000000009ac00000|100%|HS|  |TAMS 0x000000009ab00000, 0x000000009ab00000| Complete 
| 428|0x000000009ac00000, 0x000000009ad00000, 0x000000009ad00000|100%| O|  |TAMS 0x000000009ac00000, 0x000000009ac00000| Untracked 
| 429|0x000000009ad00000, 0x000000009ae00000, 0x000000009ae00000|100%| O|  |TAMS 0x000000009ad00000, 0x000000009ad00000| Untracked 
| 430|0x000000009ae00000, 0x000000009af00000, 0x000000009af00000|100%| O|  |TAMS 0x000000009ae00000, 0x000000009ae00000| Untracked 
| 431|0x000000009af00000, 0x000000009b000000, 0x000000009b000000|100%| O|  |TAMS 0x000000009af00000, 0x000000009af00000| Untracked 
| 432|0x000000009b000000, 0x000000009b100000, 0x000000009b100000|100%| O|  |TAMS 0x000000009b000000, 0x000000009b000000| Untracked 
| 433|0x000000009b100000, 0x000000009b200000, 0x000000009b200000|100%| O|  |TAMS 0x000000009b100000, 0x000000009b100000| Untracked 
| 434|0x000000009b200000, 0x000000009b300000, 0x000000009b300000|100%| O|  |TAMS 0x000000009b200000, 0x000000009b200000| Untracked 
| 435|0x000000009b300000, 0x000000009b400000, 0x000000009b400000|100%| O|  |TAMS 0x000000009b300000, 0x000000009b300000| Untracked 
| 436|0x000000009b400000, 0x000000009b500000, 0x000000009b500000|100%| O|  |TAMS 0x000000009b400000, 0x000000009b400000| Untracked 
| 437|0x000000009b500000, 0x000000009b600000, 0x000000009b600000|100%| O|  |TAMS 0x000000009b500000, 0x000000009b500000| Untracked 
| 438|0x000000009b600000, 0x000000009b700000, 0x000000009b700000|100%| O|  |TAMS 0x000000009b600000, 0x000000009b600000| Untracked 
| 439|0x000000009b700000, 0x000000009b800000, 0x000000009b800000|100%| O|  |TAMS 0x000000009b700000, 0x000000009b700000| Untracked 
| 440|0x000000009b800000, 0x000000009b900000, 0x000000009b900000|100%| O|  |TAMS 0x000000009b800000, 0x000000009b800000| Untracked 
| 441|0x000000009b900000, 0x000000009ba00000, 0x000000009ba00000|100%| O|  |TAMS 0x000000009b900000, 0x000000009b900000| Untracked 
| 442|0x000000009ba00000, 0x000000009bb00000, 0x000000009bb00000|100%| O|  |TAMS 0x000000009ba00000, 0x000000009ba00000| Untracked 
| 443|0x000000009bb00000, 0x000000009bb84400, 0x000000009bc00000| 51%| O|  |TAMS 0x000000009bb00000, 0x000000009bb00000| Updating 
| 444|0x000000009bc00000, 0x000000009bc00000, 0x000000009bd00000|  0%| F|  |TAMS 0x000000009bc00000, 0x000000009bc00000| Untracked 
| 445|0x000000009bd00000, 0x000000009bd00000, 0x000000009be00000|  0%| F|  |TAMS 0x000000009bd00000, 0x000000009bd00000| Untracked 
| 446|0x000000009be00000, 0x000000009bf00000, 0x000000009bf00000|100%| S|CS|TAMS 0x000000009be00000, 0x000000009be00000| Complete 
| 447|0x000000009bf00000, 0x000000009bf00000, 0x000000009c000000|  0%| F|  |TAMS 0x000000009bf00000, 0x000000009bf00000| Untracked 
| 448|0x000000009c000000, 0x000000009c000000, 0x000000009c100000|  0%| F|  |TAMS 0x000000009c000000, 0x000000009c000000| Untracked 
| 449|0x000000009c100000, 0x000000009c100000, 0x000000009c200000|  0%| F|  |TAMS 0x000000009c100000, 0x000000009c100000| Untracked 
| 450|0x000000009c200000, 0x000000009c300000, 0x000000009c300000|100%| S|CS|TAMS 0x000000009c200000, 0x000000009c200000| Complete 
| 451|0x000000009c300000, 0x000000009c400000, 0x000000009c400000|100%| S|CS|TAMS 0x000000009c300000, 0x000000009c300000| Complete 
| 452|0x000000009c400000, 0x000000009c400000, 0x000000009c500000|  0%| F|  |TAMS 0x000000009c400000, 0x000000009c400000| Untracked 
| 453|0x000000009c500000, 0x000000009c500000, 0x000000009c600000|  0%| F|  |TAMS 0x000000009c500000, 0x000000009c500000| Untracked 
| 454|0x000000009c600000, 0x000000009c600000, 0x000000009c700000|  0%| F|  |TAMS 0x000000009c600000, 0x000000009c600000| Untracked 
| 455|0x000000009c700000, 0x000000009c700000, 0x000000009c800000|  0%| F|  |TAMS 0x000000009c700000, 0x000000009c700000| Untracked 
| 456|0x000000009c800000, 0x000000009c800000, 0x000000009c900000|  0%| F|  |TAMS 0x000000009c800000, 0x000000009c800000| Untracked 
| 457|0x000000009c900000, 0x000000009c9caaa8, 0x000000009ca00000| 79%| E|  |TAMS 0x000000009c900000, 0x000000009c900000| Complete 
| 458|0x000000009ca00000, 0x000000009cb00000, 0x000000009cb00000|100%| E|CS|TAMS 0x000000009ca00000, 0x000000009ca00000| Complete 
| 459|0x000000009cb00000, 0x000000009cc00000, 0x000000009cc00000|100%| E|CS|TAMS 0x000000009cb00000, 0x000000009cb00000| Complete 
| 460|0x000000009cc00000, 0x000000009cd00000, 0x000000009cd00000|100%| E|CS|TAMS 0x000000009cc00000, 0x000000009cc00000| Complete 
| 461|0x000000009cd00000, 0x000000009ce00000, 0x000000009ce00000|100%| E|CS|TAMS 0x000000009cd00000, 0x000000009cd00000| Complete 
| 462|0x000000009ce00000, 0x000000009cf00000, 0x000000009cf00000|100%| E|  |TAMS 0x000000009ce00000, 0x000000009ce00000| Complete 
| 463|0x000000009cf00000, 0x000000009d000000, 0x000000009d000000|100%| E|CS|TAMS 0x000000009cf00000, 0x000000009cf00000| Complete 
| 464|0x000000009d000000, 0x000000009d100000, 0x000000009d100000|100%| E|CS|TAMS 0x000000009d000000, 0x000000009d000000| Complete 
| 465|0x000000009d100000, 0x000000009d200000, 0x000000009d200000|100%| E|CS|TAMS 0x000000009d100000, 0x000000009d100000| Complete 
| 466|0x000000009d200000, 0x000000009d300000, 0x000000009d300000|100%| E|CS|TAMS 0x000000009d200000, 0x000000009d200000| Complete 
| 467|0x000000009d300000, 0x000000009d400000, 0x000000009d400000|100%| E|CS|TAMS 0x000000009d300000, 0x000000009d300000| Complete 
| 468|0x000000009d400000, 0x000000009d500000, 0x000000009d500000|100%| E|CS|TAMS 0x000000009d400000, 0x000000009d400000| Complete 
| 469|0x000000009d500000, 0x000000009d600000, 0x000000009d600000|100%| E|CS|TAMS 0x000000009d500000, 0x000000009d500000| Complete 

Card table byte_map: [0x0000022565330000,0x0000022565730000] _byte_map_base: 0x0000022564f30000

Marking Bits (Prev, Next): (CMBitMap*) 0x000002254e40e0d0, (CMBitMap*) 0x000002254e40e110
 Prev Bits: [0x0000022565b30000, 0x0000022567b30000)
 Next Bits: [0x0000022567b30000, 0x0000022569b30000)

Polling page: 0x000002254c320000

Metaspace:

Usage:
  Non-class:    105.78 MB used.
      Class:     16.89 MB used.
       Both:    122.68 MB used.

Virtual space:
  Non-class space:      128.00 MB reserved,     106.94 MB ( 84%) committed,  2 nodes.
      Class space:      416.00 MB reserved,      17.94 MB (  4%) committed,  1 nodes.
             Both:      544.00 MB reserved,     124.88 MB ( 23%) committed. 

Chunk freelists:
   Non-Class:  4.19 MB
       Class:  13.94 MB
        Both:  18.12 MB

MaxMetaspaceSize: 512.00 MB
CompressedClassSpaceSize: 416.00 MB
Initial GC threshold: 21.00 MB
Current GC threshold: 170.62 MB
CDS: on
MetaspaceReclaimPolicy: balanced
 - commit_granule_bytes: 65536.
 - commit_granule_words: 8192.
 - virtual_space_node_default_size: 8388608.
 - enlarge_chunks_in_place: 1.
 - new_chunks_are_fully_committed: 0.
 - uncommit_free_chunks: 1.
 - use_allocation_guard: 0.
 - handle_deallocations: 1.


Internal statistics:

num_allocs_failed_limit: 6.
num_arena_births: 3638.
num_arena_deaths: 0.
num_vsnodes_births: 3.
num_vsnodes_deaths: 0.
num_space_committed: 1997.
num_space_uncommitted: 0.
num_chunks_returned_to_freelist: 6.
num_chunks_taken_from_freelist: 9818.
num_chunk_merges: 6.
num_chunk_splits: 5958.
num_chunks_enlarged: 3277.
num_inconsistent_stats: 0.

CodeHeap 'non-profiled nmethods': size=120000Kb used=14966Kb max_used=14966Kb free=105034Kb
 bounds [0x000002255da00000, 0x000002255e8a0000, 0x0000022564f30000]
CodeHeap 'profiled nmethods': size=120000Kb used=37343Kb max_used=37343Kb free=82656Kb
 bounds [0x0000022555f30000, 0x00000225583b0000, 0x000002255d460000]
CodeHeap 'non-nmethods': size=5760Kb used=1822Kb max_used=1868Kb free=3937Kb
 bounds [0x000002255d460000, 0x000002255d6d0000, 0x000002255da00000]
 total_blobs=20096 nmethods=19178 adapters=827
 compilation: enabled
              stopped_count=0, restarted_count=0
 full_count=0

Compilation events (20 events):
Event: 169.450 Thread 0x000002256c039f30 23680       3       com.android.tools.r8.internal.V7::a (328 bytes)
Event: 169.452 Thread 0x000002256c039f30 nmethod 23680 0x00000225583a4190 code [0x00000225583a45e0, 0x00000225583a68e8]
Event: 169.507 Thread 0x000002256c039f30 23681       3       org.gradle.internal.vfs.impl.DefaultSnapshotHierarchy$$Lambda$1686/0x0000022501971220::apply (12 bytes)
Event: 169.508 Thread 0x000002256c039f30 nmethod 23681 0x00000225583a7490 code [0x00000225583a7660, 0x00000225583a7b18]
Event: 169.508 Thread 0x000002256c039f30 23682       3       org.gradle.internal.vfs.impl.DefaultSnapshotHierarchy::lambda$invalidate$0 (25 bytes)
Event: 169.508 Thread 0x000002256c039f30 nmethod 23682 0x00000225583a7c90 code [0x00000225583a7e40, 0x00000225583a8178]
Event: 169.549 Thread 0x000002256c031cd0 nmethod 23678 0x000002255e895210 code [0x000002255e895500, 0x000002255e8989e8]
Event: 169.549 Thread 0x000002256c031cd0 23683       4       com.android.tools.r8.utils.u::a (45 bytes)
Event: 169.562 Thread 0x000002256c031cd0 nmethod 23683 0x000002255e89a390 code [0x000002255e89a520, 0x000002255e89a938]
Event: 169.562 Thread 0x000002256c031cd0 23679       4       com.android.tools.r8.internal.fJ::a (25 bytes)
Event: 169.562 Thread 0x000002256c031cd0 nmethod 23679 0x000002255e89ac10 code [0x000002255e89ada0, 0x000002255e89ae58]
Event: 169.582 Thread 0x000002256c031cd0 23684       4       com.android.tools.r8.internal.V7::a (328 bytes)
Event: 169.603 Thread 0x000002256c031cd0 nmethod 23684 0x000002255e89af10 code [0x000002255e89b120, 0x000002255e89bf68]
Event: 169.613 Thread 0x000002256c031cd0 23685       4       org.gradle.internal.event.ListenerBroadcast::dispatch (9 bytes)
Event: 169.615 Thread 0x000002256c031cd0 nmethod 23685 0x000002255e89c710 code [0x000002255e89c8c0, 0x000002255e89ca68]
Event: 169.670 Thread 0x000002256c031cd0 23686       4       org.gradle.internal.snapshot.PartialDirectoryNode::withIncompleteChildren (2 bytes)
Event: 169.670 Thread 0x000002256c031cd0 nmethod 23686 0x000002255e89cd10 code [0x000002255e89ce80, 0x000002255e89cef8]
Event: 169.698 Thread 0x000002256c031cd0 23687       4       java.util.zip.ZipFile$Source$Key::hashCode (46 bytes)
Event: 169.702 Thread 0x000002256c031cd0 nmethod 23687 0x000002255e89d010 code [0x000002255e89d1e0, 0x000002255e89d4d8]
Event: 169.750 Thread 0x000002256c031cd0 23688  s    4       jdk.internal.loader.Resource::cachedInputStream (20 bytes)

GC Heap History (20 events):
Event: 168.375 GC heap before
{Heap before GC invocations=142 (full 0):
 garbage-first heap   total 481280K, used 420577K [0x0000000080000000, 0x0000000100000000)
  region size 1024K, 36 young (36864K), 5 survivors (5120K)
 Metaspace       used 125566K, committed 127872K, reserved 557056K
  class space    used 17288K, committed 18368K, reserved 425984K
}
Event: 168.384 GC heap after
{Heap after GC invocations=143 (full 0):
 garbage-first heap   total 481280K, used 397312K [0x0000000080000000, 0x0000000100000000)
  region size 1024K, 5 young (5120K), 5 survivors (5120K)
 Metaspace       used 125566K, committed 127872K, reserved 557056K
  class space    used 17288K, committed 18368K, reserved 425984K
}
Event: 168.557 GC heap before
{Heap before GC invocations=143 (full 0):
 garbage-first heap   total 481280K, used 420864K [0x0000000080000000, 0x0000000100000000)
  region size 1024K, 28 young (28672K), 5 survivors (5120K)
 Metaspace       used 125567K, committed 127872K, reserved 557056K
  class space    used 17288K, committed 18368K, reserved 425984K
}
Event: 168.561 GC heap after
{Heap after GC invocations=144 (full 0):
 garbage-first heap   total 481280K, used 405504K [0x0000000080000000, 0x0000000100000000)
  region size 1024K, 4 young (4096K), 4 survivors (4096K)
 Metaspace       used 125567K, committed 127872K, reserved 557056K
  class space    used 17288K, committed 18368K, reserved 425984K
}
Event: 168.716 GC heap before
{Heap before GC invocations=144 (full 0):
 garbage-first heap   total 481280K, used 424960K [0x0000000080000000, 0x0000000100000000)
  region size 1024K, 23 young (23552K), 4 survivors (4096K)
 Metaspace       used 125567K, committed 127872K, reserved 557056K
  class space    used 17288K, committed 18368K, reserved 425984K
}
Event: 168.719 GC heap after
{Heap after GC invocations=145 (full 0):
 garbage-first heap   total 481280K, used 412421K [0x0000000080000000, 0x0000000100000000)
  region size 1024K, 3 young (3072K), 3 survivors (3072K)
 Metaspace       used 125567K, committed 127872K, reserved 557056K
  class space    used 17288K, committed 18368K, reserved 425984K
}
Event: 168.839 GC heap before
{Heap before GC invocations=145 (full 0):
 garbage-first heap   total 481280K, used 432901K [0x0000000080000000, 0x0000000100000000)
  region size 1024K, 23 young (23552K), 3 survivors (3072K)
 Metaspace       used 125571K, committed 127872K, reserved 557056K
  class space    used 17288K, committed 18368K, reserved 425984K
}
Event: 168.843 GC heap after
{Heap after GC invocations=146 (full 0):
 garbage-first heap   total 481280K, used 419554K [0x0000000080000000, 0x0000000100000000)
  region size 1024K, 3 young (3072K), 3 survivors (3072K)
 Metaspace       used 125571K, committed 127872K, reserved 557056K
  class space    used 17288K, committed 18368K, reserved 425984K
}
Event: 168.979 GC heap before
{Heap before GC invocations=146 (full 0):
 garbage-first heap   total 481280K, used 439010K [0x0000000080000000, 0x0000000100000000)
  region size 1024K, 23 young (23552K), 3 survivors (3072K)
 Metaspace       used 125571K, committed 127872K, reserved 557056K
  class space    used 17288K, committed 18368K, reserved 425984K
}
Event: 168.982 GC heap after
{Heap after GC invocations=147 (full 0):
 garbage-first heap   total 481280K, used 425292K [0x0000000080000000, 0x0000000100000000)
  region size 1024K, 3 young (3072K), 3 survivors (3072K)
 Metaspace       used 125571K, committed 127872K, reserved 557056K
  class space    used 17288K, committed 18368K, reserved 425984K
}
Event: 169.114 GC heap before
{Heap before GC invocations=147 (full 0):
 garbage-first heap   total 481280K, used 445772K [0x0000000080000000, 0x0000000100000000)
  region size 1024K, 23 young (23552K), 3 survivors (3072K)
 Metaspace       used 125574K, committed 127872K, reserved 557056K
  class space    used 17288K, committed 18368K, reserved 425984K
}
Event: 169.117 GC heap after
{Heap after GC invocations=148 (full 0):
 garbage-first heap   total 481280K, used 432951K [0x0000000080000000, 0x0000000100000000)
  region size 1024K, 3 young (3072K), 3 survivors (3072K)
 Metaspace       used 125574K, committed 127872K, reserved 557056K
  class space    used 17288K, committed 18368K, reserved 425984K
}
Event: 169.289 GC heap before
{Heap before GC invocations=148 (full 0):
 garbage-first heap   total 481280K, used 452407K [0x0000000080000000, 0x0000000100000000)
  region size 1024K, 23 young (23552K), 3 survivors (3072K)
 Metaspace       used 125578K, committed 127872K, reserved 557056K
  class space    used 17288K, committed 18368K, reserved 425984K
}
Event: 169.292 GC heap after
{Heap after GC invocations=149 (full 0):
 garbage-first heap   total 481280K, used 439246K [0x0000000080000000, 0x0000000100000000)
  region size 1024K, 3 young (3072K), 3 survivors (3072K)
 Metaspace       used 125578K, committed 127872K, reserved 557056K
  class space    used 17288K, committed 18368K, reserved 425984K
}
Event: 169.426 GC heap before
{Heap before GC invocations=149 (full 0):
 garbage-first heap   total 481280K, used 461774K [0x0000000080000000, 0x0000000100000000)
  region size 1024K, 23 young (23552K), 3 survivors (3072K)
 Metaspace       used 125578K, committed 127872K, reserved 557056K
  class space    used 17288K, committed 18368K, reserved 425984K
}
Event: 169.429 GC heap after
{Heap after GC invocations=150 (full 0):
 garbage-first heap   total 481280K, used 445723K [0x0000000080000000, 0x0000000100000000)
  region size 1024K, 3 young (3072K), 3 survivors (3072K)
 Metaspace       used 125578K, committed 127872K, reserved 557056K
  class space    used 17288K, committed 18368K, reserved 425984K
}
Event: 169.568 GC heap before
{Heap before GC invocations=150 (full 0):
 garbage-first heap   total 481280K, used 466203K [0x0000000080000000, 0x0000000100000000)
  region size 1024K, 23 young (23552K), 3 survivors (3072K)
 Metaspace       used 125579K, committed 127872K, reserved 557056K
  class space    used 17288K, committed 18368K, reserved 425984K
}
Event: 169.571 GC heap after
{Heap after GC invocations=151 (full 0):
 garbage-first heap   total 481280K, used 452328K [0x0000000080000000, 0x0000000100000000)
  region size 1024K, 3 young (3072K), 3 survivors (3072K)
 Metaspace       used 125579K, committed 127872K, reserved 557056K
  class space    used 17288K, committed 18368K, reserved 425984K
}
Event: 169.661 GC heap before
{Heap before GC invocations=151 (full 0):
 garbage-first heap   total 481280K, used 469736K [0x0000000080000000, 0x0000000100000000)
  region size 1024K, 21 young (21504K), 3 survivors (3072K)
 Metaspace       used 125579K, committed 127872K, reserved 557056K
  class space    used 17288K, committed 18368K, reserved 425984K
}
Event: 169.666 GC heap after
{Heap after GC invocations=152 (full 0):
 garbage-first heap   total 481280K, used 457233K [0x0000000080000000, 0x0000000100000000)
  region size 1024K, 3 young (3072K), 3 survivors (3072K)
 Metaspace       used 125579K, committed 127872K, reserved 557056K
  class space    used 17288K, committed 18368K, reserved 425984K
}

Dll operation events (15 events):
Event: 0.035 Loaded shared library C:\Program Files\Eclipse Adoptium\jdk-17.0.19.10-hotspot\bin\java.dll
Event: 0.076 Loaded shared library C:\Program Files\Eclipse Adoptium\jdk-17.0.19.10-hotspot\bin\jsvml.dll
Event: 0.208 Loaded shared library C:\Program Files\Eclipse Adoptium\jdk-17.0.19.10-hotspot\bin\zip.dll
Event: 0.213 Loaded shared library C:\Program Files\Eclipse Adoptium\jdk-17.0.19.10-hotspot\bin\instrument.dll
Event: 0.231 Loaded shared library C:\Program Files\Eclipse Adoptium\jdk-17.0.19.10-hotspot\bin\net.dll
Event: 0.240 Loaded shared library C:\Program Files\Eclipse Adoptium\jdk-17.0.19.10-hotspot\bin\nio.dll
Event: 0.253 Loaded shared library C:\Program Files\Eclipse Adoptium\jdk-17.0.19.10-hotspot\bin\zip.dll
Event: 1.214 Loaded shared library C:\Program Files\Eclipse Adoptium\jdk-17.0.19.10-hotspot\bin\jimage.dll
Event: 4.055 Loaded shared library C:\Program Files\Eclipse Adoptium\jdk-17.0.19.10-hotspot\bin\verify.dll
Event: 4.172 Loaded shared library C:\Users\H\.gradle\native\1def1411415f61bf3af743bc5b6707747c0891f09f0c88961ee8f79bc544acac\windows-amd64\native-platform.dll
Event: 4.235 Loaded shared library C:\Users\H\.gradle\native\0.2.8\x86_64-windows-gnu\gradle-fileevents.dll
Event: 13.159 Loaded shared library C:\Program Files\Eclipse Adoptium\jdk-17.0.19.10-hotspot\bin\management.dll
Event: 13.163 Loaded shared library C:\Program Files\Eclipse Adoptium\jdk-17.0.19.10-hotspot\bin\management_ext.dll
Event: 13.841 Loaded shared library C:\Program Files\Eclipse Adoptium\jdk-17.0.19.10-hotspot\bin\extnet.dll
Event: 14.680 Loaded shared library C:\Program Files\Eclipse Adoptium\jdk-17.0.19.10-hotspot\bin\sunmscapi.dll

Deoptimization events (20 events):
Event: 168.934 Thread 0x000002257df650c0 Uncommon trap: trap_request=0xffffff45 fr.pc=0x000002255e887d3c relative=0x0000000000001b3c
Event: 168.934 Thread 0x000002257df650c0 Uncommon trap: reason=unstable_if action=reinterpret pc=0x000002255e887d3c method=com.android.tools.r8.utils.u.a(Ljava/lang/String;)Z @ 7 c2
Event: 168.934 Thread 0x000002257df650c0 DEOPT PACKING pc=0x000002255e887d3c sp=0x000000dcb07fe210
Event: 168.934 Thread 0x000002257df650c0 DEOPT UNPACKING pc=0x000002255d4ba1a3 sp=0x000000dcb07fe098 mode 2
Event: 168.989 Thread 0x000002257df650c0 Uncommon trap: trap_request=0xffffff45 fr.pc=0x000002255e88cbcc relative=0x0000000000001a4c
Event: 168.990 Thread 0x000002257df650c0 Uncommon trap: reason=unstable_if action=reinterpret pc=0x000002255e88cbcc method=com.android.tools.r8.utils.u.a(Ljava/lang/String;)Z @ 7 c2
Event: 168.990 Thread 0x000002257df650c0 DEOPT PACKING pc=0x000002255e88cbcc sp=0x000000dcb07fe1c0
Event: 168.990 Thread 0x000002257df650c0 DEOPT UNPACKING pc=0x000002255d4ba1a3 sp=0x000000dcb07fe0a0 mode 2
Event: 169.153 Thread 0x000002257df650c0 Uncommon trap: trap_request=0xffffff45 fr.pc=0x000002255e892390 relative=0x0000000000000790
Event: 169.153 Thread 0x000002257df650c0 Uncommon trap: reason=unstable_if action=reinterpret pc=0x000002255e892390 method=com.android.tools.r8.utils.u.a(Ljava/lang/String;)Z @ 7 c2
Event: 169.153 Thread 0x000002257df650c0 DEOPT PACKING pc=0x000002255e892390 sp=0x000000dcb07fe0d0
Event: 169.153 Thread 0x000002257df650c0 DEOPT UNPACKING pc=0x000002255d4ba1a3 sp=0x000000dcb07fdff0 mode 2
Event: 169.153 Thread 0x000002257df650c0 Uncommon trap: trap_request=0xffffff45 fr.pc=0x000002255e8856dc relative=0x00000000000002bc
Event: 169.153 Thread 0x000002257df650c0 Uncommon trap: reason=unstable_if action=reinterpret pc=0x000002255e8856dc method=com.android.tools.r8.utils.u.a(Ljava/lang/String;)Z @ 7 c2
Event: 169.153 Thread 0x000002257df650c0 DEOPT PACKING pc=0x000002255e8856dc sp=0x000000dcb07fe000
Event: 169.153 Thread 0x000002257df650c0 DEOPT UNPACKING pc=0x000002255d4ba1a3 sp=0x000000dcb07fdfa8 mode 2
Event: 169.431 Thread 0x000002257df650c0 Uncommon trap: trap_request=0xffffff45 fr.pc=0x000002255e890b58 relative=0x0000000000000d38
Event: 169.431 Thread 0x000002257df650c0 Uncommon trap: reason=unstable_if action=reinterpret pc=0x000002255e890b58 method=com.android.tools.r8.internal.V7.a(Ljava/io/InputStream;)[B @ 121 c2
Event: 169.431 Thread 0x000002257df650c0 DEOPT PACKING pc=0x000002255e890b58 sp=0x000000dcb07fe0d0
Event: 169.431 Thread 0x000002257df650c0 DEOPT UNPACKING pc=0x000002255d4ba1a3 sp=0x000000dcb07fe078 mode 2

Classes loaded (20 events):
Event: 160.666 Loading class org/w3c/dom/DocumentType done
Event: 160.666 Loading class com/sun/org/apache/xerces/internal/dom/DocumentTypeImpl done
Event: 160.666 Loading class com/sun/org/apache/xerces/internal/dom/ElementImpl
Event: 160.667 Loading class org/w3c/dom/ElementTraversal
Event: 160.667 Loading class org/w3c/dom/ElementTraversal done
Event: 160.668 Loading class com/sun/org/apache/xerces/internal/dom/ElementImpl done
Event: 160.668 Loading class com/sun/org/apache/xerces/internal/dom/NodeListCache
Event: 160.668 Loading class com/sun/org/apache/xerces/internal/dom/NodeListCache done
Event: 160.669 Loading class com/sun/org/apache/xerces/internal/dom/AttrImpl
Event: 160.670 Loading class com/sun/org/apache/xerces/internal/dom/AttrImpl done
Event: 160.671 Loading class com/sun/org/apache/xerces/internal/dom/AttributeMap
Event: 160.671 Loading class com/sun/org/apache/xerces/internal/dom/NamedNodeMapImpl
Event: 160.672 Loading class com/sun/org/apache/xerces/internal/dom/NamedNodeMapImpl done
Event: 160.672 Loading class com/sun/org/apache/xerces/internal/dom/AttributeMap done
Event: 168.140 Loading class java/util/zip/ZipInputStream
Event: 168.141 Loading class java/util/zip/ZipInputStream done
Event: 168.195 Loading class java/util/zip/ZipOutputStream
Event: 168.196 Loading class java/util/zip/ZipOutputStream done
Event: 168.247 Loading class java/nio/file/FileTreeIterator
Event: 168.248 Loading class java/nio/file/FileTreeIterator done

Classes unloaded (0 events):
No events

Classes redefined (0 events):
No events

Internal exceptions (20 events):
Event: 167.342 Thread 0x0000022574cec0b0 Exception <a 'sun/nio/fs/WindowsException'{0x000000009bf8b418}> (0x000000009bf8b418) 
thrown [s\src\hotspot\share\prims\jni.cpp, line 516]
Event: 167.342 Thread 0x0000022574cec0b0 Exception <a 'sun/nio/fs/WindowsException'{0x000000009bf8c6d0}> (0x000000009bf8c6d0) 
thrown [s\src\hotspot\share\prims\jni.cpp, line 516]
Event: 167.342 Thread 0x0000022574cec0b0 Exception <a 'sun/nio/fs/WindowsException'{0x000000009bf8d7d0}> (0x000000009bf8d7d0) 
thrown [s\src\hotspot\share\prims\jni.cpp, line 516]
Event: 167.342 Thread 0x0000022574cec0b0 Exception <a 'sun/nio/fs/WindowsException'{0x000000009bf8d8f0}> (0x000000009bf8d8f0) 
thrown [s\src\hotspot\share\prims\jni.cpp, line 516]
Event: 167.343 Thread 0x0000022574cec0b0 Exception <a 'sun/nio/fs/WindowsException'{0x000000009bf8eba8}> (0x000000009bf8eba8) 
thrown [s\src\hotspot\share\prims\jni.cpp, line 516]
Event: 167.343 Thread 0x0000022574cec0b0 Exception <a 'sun/nio/fs/WindowsException'{0x000000009bf8fca8}> (0x000000009bf8fca8) 
thrown [s\src\hotspot\share\prims\jni.cpp, line 516]
Event: 167.343 Thread 0x0000022574cec0b0 Exception <a 'sun/nio/fs/WindowsException'{0x000000009bf8fdc8}> (0x000000009bf8fdc8) 
thrown [s\src\hotspot\share\prims\jni.cpp, line 516]
Event: 167.343 Thread 0x0000022574cec0b0 Exception <a 'sun/nio/fs/WindowsException'{0x000000009bf91118}> (0x000000009bf91118) 
thrown [s\src\hotspot\share\prims\jni.cpp, line 516]
Event: 167.343 Thread 0x0000022574cec0b0 Exception <a 'sun/nio/fs/WindowsException'{0x000000009bf92260}> (0x000000009bf92260) 
thrown [s\src\hotspot\share\prims\jni.cpp, line 516]
Event: 167.343 Thread 0x0000022574cec0b0 Exception <a 'sun/nio/fs/WindowsException'{0x000000009bf923c8}> (0x000000009bf923c8) 
thrown [s\src\hotspot\share\prims\jni.cpp, line 516]
Event: 167.343 Thread 0x0000022574cec0b0 Exception <a 'sun/nio/fs/WindowsException'{0x000000009bf93698}> (0x000000009bf93698) 
thrown [s\src\hotspot\share\prims\jni.cpp, line 516]
Event: 167.343 Thread 0x0000022574cec0b0 Exception <a 'sun/nio/fs/WindowsException'{0x000000009bf947a0}> (0x000000009bf947a0) 
thrown [s\src\hotspot\share\prims\jni.cpp, line 516]
Event: 167.343 Thread 0x0000022574cec0b0 Exception <a 'sun/nio/fs/WindowsException'{0x000000009bf948c8}> (0x000000009bf948c8) 
thrown [s\src\hotspot\share\prims\jni.cpp, line 516]
Event: 168.018 Thread 0x000002257df650c0 Exception <a 'sun/nio/fs/WindowsException'{0x000000009d0183b0}> (0x000000009d0183b0) 
thrown [s\src\hotspot\share\prims\jni.cpp, line 516]
Event: 168.170 Thread 0x000002257df650c0 Exception <a 'sun/nio/fs/WindowsException'{0x000000009cc0dac0}> (0x000000009cc0dac0) 
thrown [s\src\hotspot\share\prims\jni.cpp, line 516]
Event: 168.170 Thread 0x000002257df650c0 Exception <a 'sun/nio/fs/WindowsException'{0x000000009cc0dba0}> (0x000000009cc0dba0) 
thrown [s\src\hotspot\share\prims\jni.cpp, line 516]
Event: 168.170 Thread 0x000002257df650c0 Exception <a 'sun/nio/fs/WindowsException'{0x000000009cc0dc80}> (0x000000009cc0dc80) 
thrown [s\src\hotspot\share\prims\jni.cpp, line 516]
Event: 168.170 Thread 0x000002257df650c0 Exception <a 'sun/nio/fs/WindowsException'{0x000000009cc0dd70}> (0x000000009cc0dd70) 
thrown [s\src\hotspot\share\prims\jni.cpp, line 516]
Event: 168.170 Thread 0x000002257df650c0 Exception <a 'sun/nio/fs/WindowsException'{0x000000009cc0de60}> (0x000000009cc0de60) 
thrown [s\src\hotspot\share\prims\jni.cpp, line 516]
Event: 168.170 Thread 0x000002257df650c0 Exception <a 'sun/nio/fs/WindowsException'{0x000000009cc0e1b0}> (0x000000009cc0e1b0) 
thrown [s\src\hotspot\share\prims\jni.cpp, line 516]

VM Operations (20 events):
Event: 168.561 Executing VM operation: G1CollectForAllocation done
Event: 168.716 Executing VM operation: G1CollectForAllocation
Event: 168.719 Executing VM operation: G1CollectForAllocation done
Event: 168.839 Executing VM operation: G1CollectForAllocation
Event: 168.839 Executing VM operation: G1CollectForAllocation done
Event: 168.839 Executing VM operation: G1CollectForAllocation
Event: 168.843 Executing VM operation: G1CollectForAllocation done
Event: 168.979 Executing VM operation: G1CollectForAllocation
Event: 168.982 Executing VM operation: G1CollectForAllocation done
Event: 169.114 Executing VM operation: G1CollectForAllocation
Event: 169.117 Executing VM operation: G1CollectForAllocation done
Event: 169.289 Executing VM operation: G1CollectForAllocation
Event: 169.292 Executing VM operation: G1CollectForAllocation done
Event: 169.425 Executing VM operation: G1CollectForAllocation
Event: 169.429 Executing VM operation: G1CollectForAllocation done
Event: 169.568 Executing VM operation: G1CollectForAllocation
Event: 169.571 Executing VM operation: G1CollectForAllocation done
Event: 169.661 Executing VM operation: G1CollectForAllocation
Event: 169.666 Executing VM operation: G1CollectForAllocation done
Event: 169.762 Executing VM operation: G1PauseRemark

Memory protections (0 events):
No events

Nmethod flushes (20 events):
Event: 160.669 Thread 0x000002256c05e300 flushing  nmethod 0x0000022557df6510
Event: 160.669 Thread 0x000002256c05e300 flushing  nmethod 0x0000022557e9b990
Event: 160.670 Thread 0x000002256c05e300 flushing  nmethod 0x0000022557ece890
Event: 160.670 Thread 0x000002256c05e300 flushing  nmethod 0x0000022557f1fc10
Event: 160.670 Thread 0x000002256c05e300 flushing  nmethod 0x0000022557f8d910
Event: 160.670 Thread 0x000002256c05e300 flushing  nmethod 0x0000022557f8e910
Event: 160.670 Thread 0x000002256c05e300 flushing  nmethod 0x0000022557f9c910
Event: 160.670 Thread 0x000002256c05e300 flushing  nmethod 0x0000022557fa8110
Event: 160.670 Thread 0x000002256c05e300 flushing  nmethod 0x0000022557fd1c90
Event: 160.670 Thread 0x000002256c05e300 flushing  nmethod 0x0000022557fdcd90
Event: 160.670 Thread 0x000002256c05e300 flushing  nmethod 0x0000022557fdd990
Event: 160.670 Thread 0x000002256c05e300 flushing  nmethod 0x0000022557fe0110
Event: 160.670 Thread 0x000002256c05e300 flushing  nmethod 0x0000022557fe2e90
Event: 160.670 Thread 0x000002256c05e300 flushing  nmethod 0x0000022557ffe410
Event: 160.670 Thread 0x000002256c05e300 flushing  nmethod 0x0000022558004410
Event: 160.670 Thread 0x000002256c05e300 flushing  nmethod 0x0000022558004e90
Event: 160.670 Thread 0x000002256c05e300 flushing  nmethod 0x0000022558008b10
Event: 160.670 Thread 0x000002256c05e300 flushing  nmethod 0x0000022558014790
Event: 160.670 Thread 0x000002256c05e300 flushing  nmethod 0x000002255801b810
Event: 160.670 Thread 0x000002256c05e300 flushing  nmethod 0x0000022558023a90

Events (20 events):
Event: 62.310 Thread 0x0000022571d1b810 Thread added: 0x0000022574d81ec0
Event: 62.311 Thread 0x0000022571d1b810 Thread added: 0x0000022574d82df0
Event: 62.312 Thread 0x0000022571d1b810 Thread added: 0x0000022574d828e0
Event: 62.773 Thread 0x0000022571d1b810 Thread added: 0x0000022574d80060
Event: 62.774 Thread 0x0000022571d1b810 Thread added: 0x0000022574d814a0
Event: 62.775 Thread 0x0000022571d1b810 Thread added: 0x0000022574d80a80
Event: 65.110 Thread 0x0000022571d1b810 Thread added: 0x0000022574d80f90
Event: 66.896 Thread 0x0000022571d1b810 Thread added: 0x0000022574ce83f0
Event: 67.156 Thread 0x0000022571d1b810 Thread added: 0x0000022574ce79d0
Event: 67.156 Thread 0x0000022571d1b810 Thread added: 0x0000022574ce8900
Event: 69.364 Thread 0x0000022571d1b810 Thread added: 0x0000022574ce6590
Event: 101.022 Thread 0x000002257415f110 Thread exited: 0x000002257415f110
Event: 119.097 Thread 0x0000022571d1b810 Thread added: 0x0000022574cec0b0
Event: 119.188 Thread 0x000002257415fb30 Thread added: 0x0000022574ceac70
Event: 129.462 Thread 0x000002257415fb30 Thread added: 0x000002256c533110
Event: 129.707 Thread 0x000002256c533110 Thread added: 0x000002256c538720
Event: 129.708 Thread 0x000002256c533110 Thread added: 0x000002256c538c30
Event: 160.617 Thread 0x0000022574cec0b0 Thread added: 0x000002257df650c0
Event: 160.617 Thread 0x0000022574cec0b0 Thread added: 0x000002257df646a0
Event: 168.005 Thread 0x0000022574cec0b0 Thread added: 0x000002257ccc0920


Dynamic libraries:
0x00007ff6598e0000 - 0x00007ff6598ee000 	C:\Program Files\Eclipse Adoptium\jdk-17.0.19.10-hotspot\bin\java.exe
0x00007ff8f5780000 - 0x00007ff8f59e6000 	C:\WINDOWS\SYSTEM32\ntdll.dll
0x00007ff8f3600000 - 0x00007ff8f36c9000 	C:\WINDOWS\System32\KERNEL32.DLL
0x00007ff8f2990000 - 0x00007ff8f2d8f000 	C:\WINDOWS\System32\KERNELBASE.dll
0x00007ff8f31a0000 - 0x00007ff8f32ec000 	C:\WINDOWS\System32\ucrtbase.dll
0x00007ff8c8db0000 - 0x00007ff8c8dce000 	C:\Program Files\Eclipse Adoptium\jdk-17.0.19.10-hotspot\bin\VCRUNTIME140.dll
0x00007ff8c5120000 - 0x00007ff8c5138000 	C:\Program Files\Eclipse Adoptium\jdk-17.0.19.10-hotspot\bin\jli.dll
0x00007ff8f36d0000 - 0x00007ff8f3896000 	C:\WINDOWS\System32\USER32.dll
0x00007ff8f3480000 - 0x00007ff8f34a7000 	C:\WINDOWS\System32\win32u.dll
0x00007ff8f5710000 - 0x00007ff8f573b000 	C:\WINDOWS\System32\GDI32.dll
0x00007ff8f2e30000 - 0x00007ff8f2f59000 	C:\WINDOWS\System32\gdi32full.dll
0x00007ff8f30f0000 - 0x00007ff8f3193000 	C:\WINDOWS\System32\msvcp_win.dll
0x00007ff8d5d50000 - 0x00007ff8d5fe1000 	C:\WINDOWS\WinSxS\amd64_microsoft.windows.common-controls_6595b64144ccf1df_6.0.26100.8972_none_3e0da176e32f9d4b\COMCTL32.dll
0x00007ff8f3ad0000 - 0x00007ff8f3b79000 	C:\WINDOWS\System32\msvcrt.dll
0x00007ff8f34e0000 - 0x00007ff8f3512000 	C:\WINDOWS\System32\IMM32.DLL
0x00007ff8d9e00000 - 0x00007ff8d9e0c000 	C:\Program Files\Eclipse Adoptium\jdk-17.0.19.10-hotspot\bin\vcruntime140_1.dll
0x00007ff8b9870000 - 0x00007ff8b98fd000 	C:\Program Files\Eclipse Adoptium\jdk-17.0.19.10-hotspot\bin\msvcp140.dll
0x00007ff83e130000 - 0x00007ff83ed9c000 	C:\Program Files\Eclipse Adoptium\jdk-17.0.19.10-hotspot\bin\server\jvm.dll
0x00007ff8f3520000 - 0x00007ff8f35dc000 	C:\WINDOWS\System32\ADVAPI32.dll
0x00007ff8f3fb0000 - 0x00007ff8f405a000 	C:\WINDOWS\System32\sechost.dll
0x00007ff8f4b90000 - 0x00007ff8f4ca8000 	C:\WINDOWS\System32\RPCRT4.dll
0x00007ff8f38a0000 - 0x00007ff8f3922000 	C:\WINDOWS\System32\WS2_32.dll
0x00007ff8f2810000 - 0x00007ff8f286e000 	C:\WINDOWS\SYSTEM32\POWRPROF.dll
0x00007ff8dbda0000 - 0x00007ff8dbdd6000 	C:\WINDOWS\SYSTEM32\WINMM.dll
0x00007ff8ec190000 - 0x00007ff8ec19b000 	C:\WINDOWS\SYSTEM32\VERSION.dll
0x00007ff8f27f0000 - 0x00007ff8f2805000 	C:\WINDOWS\SYSTEM32\UMPDC.dll
0x00007ff8f1640000 - 0x00007ff8f165b000 	C:\WINDOWS\SYSTEM32\kernel.appcore.dll
0x00007ff8d8bf0000 - 0x00007ff8d8bfa000 	C:\Program Files\Eclipse Adoptium\jdk-17.0.19.10-hotspot\bin\jimage.dll
0x00007ff8dcf30000 - 0x00007ff8dd172000 	C:\WINDOWS\SYSTEM32\DBGHELP.DLL
0x00007ff8f3bf0000 - 0x00007ff8f3f75000 	C:\WINDOWS\System32\combase.dll
0x00007ff8f4120000 - 0x00007ff8f41f9000 	C:\WINDOWS\System32\OLEAUT32.dll
0x00007ff8ca190000 - 0x00007ff8ca1cb000 	C:\WINDOWS\SYSTEM32\dbgcore.DLL
0x00007ff8f3300000 - 0x00007ff8f33ac000 	C:\WINDOWS\System32\bcryptPrimitives.dll
0x00007ff8d1ca0000 - 0x00007ff8d1cae000 	C:\Program Files\Eclipse Adoptium\jdk-17.0.19.10-hotspot\bin\instrument.dll
0x00007ff8c2b30000 - 0x00007ff8c2b55000 	C:\Program Files\Eclipse Adoptium\jdk-17.0.19.10-hotspot\bin\java.dll
0x00007ff88cb20000 - 0x00007ff88cbf7000 	C:\Program Files\Eclipse Adoptium\jdk-17.0.19.10-hotspot\bin\jsvml.dll
0x00007ff8f4200000 - 0x00007ff8f4988000 	C:\WINDOWS\System32\SHELL32.dll
0x00007ff8f0420000 - 0x00007ff8f0cbb000 	C:\WINDOWS\SYSTEM32\windows.storage.dll
0x00007ff8f4cb0000 - 0x00007ff8f4da9000 	C:\WINDOWS\System32\SHCORE.dll
0x00007ff8f3b80000 - 0x00007ff8f3be6000 	C:\WINDOWS\System32\shlwapi.dll
0x00007ff8f28b0000 - 0x00007ff8f28d9000 	C:\WINDOWS\SYSTEM32\profapi.dll
0x00007ff8c0ca0000 - 0x00007ff8c0cb8000 	C:\Program Files\Eclipse Adoptium\jdk-17.0.19.10-hotspot\bin\zip.dll
0x00007ff8c39c0000 - 0x00007ff8c39da000 	C:\Program Files\Eclipse Adoptium\jdk-17.0.19.10-hotspot\bin\net.dll
0x00007ff8e9cc0000 - 0x00007ff8e9de8000 	C:\WINDOWS\SYSTEM32\WINHTTP.dll
0x00007ff8f1bd0000 - 0x00007ff8f1c3c000 	C:\WINDOWS\system32\mswsock.dll
0x00007ff8c2c00000 - 0x00007ff8c2c16000 	C:\Program Files\Eclipse Adoptium\jdk-17.0.19.10-hotspot\bin\nio.dll
0x00007ff8d61e0000 - 0x00007ff8d61f0000 	C:\Program Files\Eclipse Adoptium\jdk-17.0.19.10-hotspot\bin\verify.dll
0x00007ff8bf1c0000 - 0x00007ff8bf1e7000 	C:\Users\H\.gradle\native\1def1411415f61bf3af743bc5b6707747c0891f09f0c88961ee8f79bc544acac\windows-amd64\native-platform.dll
0x00007ff8b9050000 - 0x00007ff8b90c7000 	C:\Users\H\.gradle\native\0.2.8\x86_64-windows-gnu\gradle-fileevents.dll
0x00007ff8d4da0000 - 0x00007ff8d4daa000 	C:\Program Files\Eclipse Adoptium\jdk-17.0.19.10-hotspot\bin\management.dll
0x00007ff8d3b90000 - 0x00007ff8d3b9c000 	C:\Program Files\Eclipse Adoptium\jdk-17.0.19.10-hotspot\bin\management_ext.dll
0x00007ff8f4b80000 - 0x00007ff8f4b88000 	C:\WINDOWS\System32\PSAPI.DLL
0x00007ff8f0ff0000 - 0x00007ff8f1023000 	C:\WINDOWS\SYSTEM32\IPHLPAPI.DLL
0x00007ff8f3f80000 - 0x00007ff8f3f8a000 	C:\WINDOWS\System32\NSI.dll
0x00007ff8e54c0000 - 0x00007ff8e54dd000 	C:\WINDOWS\SYSTEM32\dhcpcsvc6.DLL
0x00007ff8e5490000 - 0x00007ff8e54b5000 	C:\WINDOWS\SYSTEM32\dhcpcsvc.DLL
0x00007ff8f1080000 - 0x00007ff8f11d8000 	C:\WINDOWS\SYSTEM32\DNSAPI.dll
0x00007ff8f19f0000 - 0x00007ff8f19fd000 	C:\WINDOWS\SYSTEM32\DSPARSE.dll
0x00007ff8d1d50000 - 0x00007ff8d1d59000 	C:\Program Files\Eclipse Adoptium\jdk-17.0.19.10-hotspot\bin\extnet.dll
0x00007ff8f1ff0000 - 0x00007ff8f200b000 	C:\WINDOWS\SYSTEM32\CRYPTSP.dll
0x00007ff8f15a0000 - 0x00007ff8f15d9000 	C:\WINDOWS\system32\rsaenh.dll
0x00007ff8f1c80000 - 0x00007ff8f1cb2000 	C:\WINDOWS\SYSTEM32\USERENV.dll
0x00007ff8f2880000 - 0x00007ff8f28aa000 	C:\WINDOWS\SYSTEM32\bcrypt.dll
0x00007ff8f1e30000 - 0x00007ff8f1e3c000 	C:\WINDOWS\SYSTEM32\CRYPTBASE.dll
0x00007ff8d13e0000 - 0x00007ff8d13ee000 	C:\Program Files\Eclipse Adoptium\jdk-17.0.19.10-hotspot\bin\sunmscapi.dll
0x00007ff8f2f60000 - 0x00007ff8f30de000 	C:\WINDOWS\System32\CRYPT32.dll
0x00007ff8f2160000 - 0x00007ff8f2190000 	C:\WINDOWS\SYSTEM32\ncrypt.dll
0x00007ff8f2110000 - 0x00007ff8f214f000 	C:\WINDOWS\SYSTEM32\NTASN1.dll
0x00007ff8b6ec0000 - 0x00007ff8b6ec8000 	C:\WINDOWS\system32\wshunix.dll
0x00007ff88c500000 - 0x00007ff88c518000 	C:\WINDOWS\system32\napinsp.dll
0x00007ff88c520000 - 0x00007ff88c533000 	C:\WINDOWS\System32\winrnr.dll
0x00007ff88c540000 - 0x00007ff88c562000 	C:\WINDOWS\system32\nlansp_c.dll
0x00007ff8c1230000 - 0x00007ff8c1246000 	C:\WINDOWS\system32\wshbth.dll
0x00007ff8d3aa0000 - 0x00007ff8d3aab000 	C:\Windows\System32\rasadhlp.dll
0x00007ff8e3e30000 - 0x00007ff8e3eb6000 	C:\WINDOWS\System32\fwpuclnt.dll

dbghelp: loaded successfully - version: 4.0.5 - missing functions: none
symbol engine: initialized successfully - sym options: 0x614 - pdb path: .;C:\Program Files\Eclipse Adoptium\jdk-17.0.19.10-hotspot\bin;C:\WINDOWS\SYSTEM32;C:\WINDOWS\WinSxS\amd64_microsoft.windows.common-controls_6595b64144ccf1df_6.0.26100.8972_none_3e0da176e32f9d4b;C:\Program Files\Eclipse Adoptium\jdk-17.0.19.10-hotspot\bin\server;C:\Users\H\.gradle\native\1def1411415f61bf3af743bc5b6707747c0891f09f0c88961ee8f79bc544acac\windows-amd64;C:\Users\H\.gradle\native\0.2.8\x86_64-windows-gnu

VM Arguments:
jvm_args: --add-opens=java.base/java.lang=ALL-UNNAMED --add-opens=java.base/java.lang.invoke=ALL-UNNAMED --add-opens=java.base/java.util=ALL-UNNAMED --add-opens=java.prefs/java.util.prefs=ALL-UNNAMED --add-exports=jdk.compiler/com.sun.tools.javac.api=ALL-UNNAMED --add-exports=jdk.compiler/com.sun.tools.javac.util=ALL-UNNAMED --add-opens=java.base/java.util=ALL-UNNAMED --add-opens=java.prefs/java.util.prefs=ALL-UNNAMED --add-opens=java.base/java.nio.charset=ALL-UNNAMED --add-opens=java.base/java.net=ALL-UNNAMED --add-opens=java.base/java.util.concurrent=ALL-UNNAMED --add-opens=java.base/java.util.concurrent.atomic=ALL-UNNAMED --add-opens=java.xml/javax.xml.namespace=ALL-UNNAMED --add-opens=java.base/java.time=ALL-UNNAMED -XX:MaxMetaspaceSize=512m -Xmx2g -Dfile.encoding=windows-1252 -Duser.country=US -Duser.language=en -Duser.variant -javaagent:C:\Users\H\.gradle\wrapper\dists\gradle-9.1.0-all\7wzd0jkjit61aq2p43wpjgij9\gradle-9.1.0\lib\agents\gradle-instrumentation-agent-9.1.0.jar 
java_command: org.gradle.launcher.daemon.bootstrap.GradleDaemon 9.1.0
java_class_path (initial): C:\Users\H\.gradle\wrapper\dists\gradle-9.1.0-all\7wzd0jkjit61aq2p43wpjgij9\gradle-9.1.0\lib\gradle-daemon-main-9.1.0.jar
Launcher Type: SUN_STANDARD

[Global flags]
     intx CICompilerCount                          = 3                                         {product} {ergonomic}
   size_t CompressedClassSpaceSize                 = 436207616                                 {product} {ergonomic}
     uint ConcGCThreads                            = 1                                         {product} {ergonomic}
     uint G1ConcRefinementThreads                  = 4                                         {product} {ergonomic}
   size_t G1HeapRegionSize                         = 1048576                                   {product} {ergonomic}
    uintx GCDrainStackTargetSize                   = 64                                        {product} {ergonomic}
   size_t InitialHeapSize                          = 199229440                                 {product} {ergonomic}
   size_t MarkStackSize                            = 4194304                                   {product} {ergonomic}
   size_t MaxHeapSize                              = 2147483648                                {product} {command line}
   size_t MaxMetaspaceSize                         = 536870912                                 {product} {command line}
   size_t MaxNewSize                               = 1287651328                                {product} {ergonomic}
   size_t MinHeapDeltaBytes                        = 1048576                                   {product} {ergonomic}
   size_t MinHeapSize                              = 8388608                                   {product} {ergonomic}
    uintx NonNMethodCodeHeapSize                   = 5832780                                {pd product} {ergonomic}
    uintx NonProfiledCodeHeapSize                  = 122912730                              {pd product} {ergonomic}
    uintx ProfiledCodeHeapSize                     = 122912730                              {pd product} {ergonomic}
    uintx ReservedCodeCacheSize                    = 251658240                              {pd product} {ergonomic}
     bool SegmentedCodeCache                       = true                                      {product} {ergonomic}
   size_t SoftMaxHeapSize                          = 2147483648                             {manageable} {ergonomic}
     bool UseCompressedClassPointers               = true                           {product lp64_product} {ergonomic}
     bool UseCompressedOops                        = true                           {product lp64_product} {ergonomic}
     bool UseG1GC                                  = true                                      {product} {ergonomic}
     bool UseLargePagesIndividualAllocation        = false                                  {pd product} {ergonomic}

Logging:
Log output configuration:
 #0: stdout all=warning uptime,level,tags
 #1: stderr all=off uptime,level,tags

Environment Variables:
CLASSPATH=C:\Users\H\Pictures\app\couple_app\android\\gradle\wrapper\gradle-wrapper.jar
PATH=C:\Program Files\Eclipse Adoptium\jdk-17.0.19.10-hotspot\bin;C:\Program Files\Eclipse Adoptium\jdk-17.0.19.10-hotspot\bin;C:\Python314\Scripts\;C:\Python314\;C:\WINDOWS\system32;C:\WINDOWS;C:\WINDOWS\System32\Wbem;C:\WINDOWS\System32\WindowsPowerShell\v1.0\;C:\WINDOWS\System32\OpenSSH\;C:\Program Files\PuTTY\;C:\Program Files (x86)\cloudflared\;C:\Program Files\nodejs\;C:\ProgramData\chocolatey\bin;C:\Program Files\Git\cmd;C:\Program Files\Eclipse Adoptium\jdk-17.0.19.10-hotspot\bin;C:\Python314\Scripts\;C:\Python314\;C:\WINDOWS\system32;C:\WINDOWS;C:\WINDOWS\System32\Wbem;C:\WINDOWS\System32\WindowsPowerShell\v1.0\;C:\WINDOWS\System32\OpenSSH\;C:\Program Files\PuTTY\;C:\Program Files (x86)\cloudflared\;C:\Program Files\nodejs\;C:\ProgramData\chocolatey\bin;C:\Program Files\Git\cmd;C:\Program Files\Eclipse Adoptium\jdk-17.0.19.10-hotspot\bin;C:\Python314\Scripts\;C:\Python314\;C:\WINDOWS\system32;C:\WINDOWS;C:\WINDOWS\System32\Wbem;C:\WINDOWS\System32\WindowsPowerShell\v1.0\;C:\WINDOWS\System32\OpenSSH\;C:\Program Files\PuTTY\;C:\Program Files (x86)\cloudflared\;C:\Program Files\nodejs\;C:\ProgramData\chocolatey\bin;C:\Program Files\Git\cmd;C:\Users\H\develop\flutter\bin;C:\Users\H\AppData\Local\Programs\Python\Python311\Scripts\;C:\Users\H\AppData\Local\Programs\Python\Python311\;C:\Users\H\AppData\Local\Programs\Python\Python314\Scripts\;C:\Users\H\AppData\Local\Programs\Python\Python314\;C:\Users\H\AppData\Local\Microsoft\WindowsApps;C:\Users\H\AppData\Local\Programs\Microsoft VS Code\bin;C:\mingw64\bin;C:\Users\H\AppData\Roaming\npm;C:\Users\H\AppData\Local\Android\Sdk\platform-tools;C:\gradle-9.6.1\bin;C:\Users\H\develop\flutter\bin\mingit\cmd
USERNAME=H
OS=Windows_NT
PROCESSOR_IDENTIFIER=Intel64 Family 6 Model 126 Stepping 5, GenuineIntel
TMP=C:\Users\H\AppData\Local\Temp
TEMP=C:\Users\H\AppData\Local\Temp



Periodic native trim disabled


---------------  S Y S T E M  ---------------

OS:
 Windows 11 , 64 bit Build 26100 (10.0.26100.9168)
OS uptime: 1 days 10:40 hours
Hyper-V role detected

CPU: total 4 (initial active 4) (2 cores per cpu, 2 threads per core) family 6 model 126 stepping 5 microcode 0xa6, cx8, cmov, fxsr, ht, mmx, 3dnowpref, sse, sse2, sse3, ssse3, sse4.1, sse4.2, popcnt, lzcnt, tsc, tscinvbit, avx, avx2, aes, erms, clmul, bmi1, bmi2, adx, avx512f, avx512dq, avx512cd, avx512bw, avx512vl, sha, fma, vzeroupper, avx512_vpopcntdq, avx512_vpclmulqdq, avx512_vaes, avx512_vnni, clflush, clflushopt, avx512_vbmi2, avx512_vbmi, hv
Processor Information for all 4 processors :
  Max Mhz: 1190, Current Mhz: 1190, Mhz Limit: 1190

Memory: 4k page, system-wide physical 12069M (659M free)
TotalPageFile size 18069M (AvailPageFile size 125M)
current process WorkingSet (physical memory assigned to process): 773M, peak: 824M
current process commit charge ("private bytes"): 872M, peak: 1167M

vm_info: OpenJDK 64-Bit Server VM (17.0.19+10) for windows-amd64 JRE (17.0.19+10), built on Apr 25 2026 08:04:44 by "admin" with MS VC++ 17.12 (VS2022)

END.
